YEAR,MONTH,DAY,RAINFALL,TMAX,TMIN,RH,WIND_SPEED,WIND_DIRECTION
2017,1,1,3.2,30.8,23.1,87,2,90
2017,1,2,6.7,30,23.5,88,1,90
2017,1,3,6.3,30,22.6,90,1,40
2017,1,4,39.2,29.8,23.5,90,2,90
2017,1,5,0.4,28.6,23,88,2,90
2017,1,6,0.4,30.1,22,84,2,20
2017,1,7,1.4,31.5,22.5,83,1,360
2017,1,8,31,29,21.6,85,1,360
2017,1,9,43.4,27,22.2,95,2,20
2017,1,10,4.1,27.3,23.2,92,2,70
2017,1,11,0,32,23,84,1,90
2017,1,12,8.2,30,22.4,89,1,360
2017,1,13,39.2,29.9,22.3,92,1,340
2017,1,14,10.8,29.1,22.4,92,2,340
2017,1,15,11.6,28,22,89,2,360
2017,1,16,0.6,25.2,22,86,2,40
2017,1,17,0.6,27.2,22.5,83,2,90
2017,1,18,6.6,29.1,22.4,87,2,40
2017,1,19,0,30.2,22,85,1,20
2017,1,20,3.9,29.5,22.6,86,1,50
2017,1,21,54.4,29.4,22,92,1,40
2017,1,22,2.2,29.6,22.9,89,2,340
2017,1,23,0,31,23.2,84,2,90
2017,1,24,0.2,31.5,23.5,76,2,90
2017,1,25,0.2,29.5,21.8,80,2,90
2017,1,26,6.8,30.7,21.5,83,2,90
2017,1,27,0.6,31.5,22.1,81,1,70
2017,1,28,2,31.5,22.9,84,1,40
2017,1,29,1,30.4,23,89,1,90
2017,1,30,0,29,23.5,89,2,90
2017,1,31,1.6,29.8,23.1,90,2,90
2017,2,1,2.3,31,22.5,86,1,120
2017,2,2,7.2,30.5,22.4,88,1,20
2017,2,3,1.6,31.3,21.7,81,1,60
2017,2,4,0,29,22.6,82,2,360
2017,2,5,0,30,22.7,80,2,340
2017,2,6,0,29.5,22.7,76,2,360
2017,2,7,0.3,29.2,22.6,81,2,360
2017,2,8,0,29.8,24,77,2,350
2017,2,9,0,29.6,22.5,78,2,350
2017,2,10,0,30,21.6,77,2,40
2017,2,11,1.2,31.1,21.5,79,2,360
2017,2,12,0,31,20.7,72,1,40
2017,2,13,0.3,30.3,20.3,73,2,40
2017,2,14,0,30,21.4,73,1,40
2017,2,15,1.3,28.5,21.5,82,1,70
2017,2,16,6.2,27.6,20,85,1,40
2017,2,17,0.6,28.6,23.5,88,2,90
2017,2,18,0.4,32.2,23.1,85,3,90
2017,2,19,0,33.3,23.2,80,2,90
2017,2,20,0.4,32.3,23.4,85,2,90
2017,2,21,12.3,32.5,22.7,77,1,90
2017,2,22,0.8,30.3,22.1,86,1,90
2017,2,23,7.8,28.1,22.7,91,1,360
2017,2,24,0,30.6,23.5,88,1,40
2017,2,25,0,31.4,23.5,84,1,90
2017,2,26,0,32.6,22.5,79,1,40
2017,2,27,0,32.2,22.4,78,2,40
2017,2,28,11,33.1,22.8,79,1,90
2017,3,1,0,32,22.6,81,1,90
2017,3,2,4.7,29.5,21.4,84,1,120
2017,3,3,0.4,31.2,22.1,82,1,90
2017,3,4,0,32.5,21.1,77,1,90
2017,3,5,0,32.2,22.5,75,2,90
2017,3,6,0,31,22,81,2,90
2017,3,7,0,29.4,23.5,76,2,40
2017,3,8,0.4,30.2,23.5,77,1,90
2017,3,9,-1,30,21.8,82,2,20
2017,3,10,0,33.4,23,77,1,20
2017,3,11,19.1,29.5,22.5,89,1,360
2017,3,12,21.4,28,22.5,91,1,350
2017,3,13,0,31,23.1,86,1,350
2017,3,14,0,32,23.3,83,1,120
2017,3,15,0.6,32.5,22.5,86,1,120
2017,3,16,0,30.4,23,83,1,90
2017,3,17,0,30.4,22.5,81,2,90
2017,3,18,0,31,23,79,2,90
2017,3,19,0,31.6,22.5,79,2,90
2017,3,20,16.8,28,22.5,87,2,350
2017,3,21,0.4,31.1,22.6,90,1,220
2017,3,22,0,32,23.2,85,1,120
2017,3,23,0,32.3,22.5,82,1,90
2017,3,24,0,31.5,23.5,78,1,120
2017,3,25,0,31,23.6,80,1,120
2017,3,26,0,32.2,23.6,80,1,90
2017,3,27,0.4,32.7,23.8,78,1,60
2017,3,28,7.2,31.1,22.7,80,1,40
2017,3,29,4.4,28.7,23,87,1,90
2017,3,30,0,32.6,22.9,80,1,90
2017,3,31,0,30.9,23.5,81,1,350
2017,4,1,5.5,31.8,22.2,84,1,120
2017,4,2,2,32.3,22.5,78,1,140
2017,4,3,0.2,27,23,85,2,360
2017,4,4,0,30.2,24,80,1,40
2017,4,5,1,30,23.4,86,1,20
2017,4,6,24.8,31.5,25,81,2,140
2017,4,7,0,31.5,24.5,84,1,90
2017,4,8,0,31,24,85,1,140
2017,4,9,0,30.5,23.2,82,1,140
2017,4,10,0,30,23.4,79,2,90
2017,4,11,0,30.1,24.2,86,1,90
2017,4,12,0,32,24,85,2,140
2017,4,13,0,32.2,24.5,81,2,90
2017,4,14,0,32.6,24,79,2,360
2017,4,15,0.6,33,23.5,80,2,90
2017,4,16,23.6,29.2,23,94,2,120
2017,4,17,0,31.4,24,86,2,140
2017,4,18,0,32.2,23.5,79,1,140
2017,4,19,0,32,24,80,2,90
2017,4,20,0,32.6,23.5,81,2,140
2017,4,21,0,32.4,24.8,81,1,120
2017,4,22,0,32.8,24.2,80,1,140
2017,4,23,0,32.8,24.2,80,1,140
2017,4,24,0,33.5,24.4,75,1,90
2017,4,25,0,33,23,75,1,120
2017,4,26,0,33.5,22.6,78,1,120
2017,4,27,0,33,22.5,76,1,90
2017,4,28,0,32.8,23,75,1,90
2017,4,29,0,33.3,23.5,75,1,90
2017,4,30,0,33.5,23.8,77,1,90
2017,5,1,0,33.5,24.6,81,1,140
2017,5,2,0,32.8,25.2,80,2,90
2017,5,3,0,33.2,24.4,81,1,90
2017,5,4,0,34,24,79,2,90
2017,5,5,0.4,34,25,80,2,90
2017,5,6,0,34.2,24.8,80,2,90
2017,5,7,0,35,25.5,84,2,90
2017,5,8,0,34.5,25,79,2,140
2017,5,9,0,34.5,25.5,75,2,40
2017,5,10,1.4,34.5,25.5,75,2,90
2017,5,11,0.6,34,25.5,81,2,120
2017,5,12,0,34.5,25.5,78,2,120
2017,5,13,0,34,25,80,2,120
2017,5,14,0,33,25.5,80,1,90
2017,5,15,0,33.5,25,81,2,90
2017,5,16,13,32,24,87,1,140
2017,5,17,19.4,32.2,24,88,1,90
2017,5,18,0,33.8,24,85,2,90
2017,5,19,0,33.4,24.2,82,2,140
2017,5,20,7.9,33,24.4,85,1,90
2017,5,21,3.8,31,24.2,85,1,180
2017,5,22,0.6,32.5,24.8,85,2,220
2017,5,23,30.4,33.4,23.6,91,2,180
2017,5,24,1.7,32.8,24.5,82,1,220
2017,5,25,2.6,31.5,24.5,90,1,270
2017,5,26,0,32,24.5,87,1,140
2017,5,27,4,33,25,86,1,140
2017,5,28,0,33,25,82,2,140
2017,5,29,0,33.5,25,81,1,90
2017,5,30,0,34,25.5,80,1,90
2017,5,31,2.2,33,25.5,84,2,180
2017,6,1,0,34.5,25.5,75,2,180
2017,6,2,0,35,25.4,74,2,180
2017,6,3,0,34.8,24.8,78,2,180
2017,6,4,0,34.8,24.8,83,1,180
2017,6,5,13.6,34.8,23.5,80,2,290
2017,6,6,0,32.8,24.4,85,1,140
2017,6,7,0.4,33.2,24.8,88,2,180
2017,6,8,0,34.4,25,84,2,90
2017,6,9,12.6,32,24.2,87,2,140
2017,6,10,0,32.4,24.4,83,1,140
2017,6,11,0,33.5,24,86,1,180
2017,6,12,0,32.7,23.7,81,1,140
2017,6,13,0,33.7,24,76,1,120
2017,6,14,0,33.5,25.5,84,2,120
2017,6,15,0,33.7,24.5,77,1,90
2017,6,16,0,34,24.5,76,2,140
2017,6,17,0.4,34.2,24.5,81,2,200
2017,6,18,0.5,34,25.2,78,1,140
2017,6,19,0,34.5,24.5,78,1,140
2017,6,20,6.5,33.5,23.7,83,1,140
2017,6,21,28.7,32.2,24,82,1,240
2017,6,22,12,31.8,24,83,1,220
2017,6,23,0,33,24.5,85,1,180
2017,6,24,0,33.5,24.5,80,1,120
2017,6,25,0,34,24.5,74,1,180
2017,6,26,0,33,24.7,78,1,140
2017,6,27,0,32,24.5,80,1,90
2017,6,28,1.5,32.5,23.2,85,1,180
2017,6,29,15.2,32.8,24,88,1,90
2017,6,30,0,34,24.4,83,2,90
2017,7,1,34,33.6,22.5,85,2,360
2017,7,2,14.4,32,23.4,88,1,90
2017,7,3,0,31.8,24,84,2,90
2017,7,4,1.7,29,22,88,1,180
2017,7,5,0,33,23.5,77,1,120
2017,7,6,0,32.5,24.5,81,1,120
2017,7,7,1.2,30,25,80,1,90
2017,7,8,0,33,24.5,81,1,140
2017,7,9,10.2,33,23.5,79,2,140
2017,7,10,0,31.5,24.5,84,2,120
2017,7,11,11,32.5,24,87,1,90
2017,7,12,3.4,31.5,24,85,1,180
2017,7,13,2.6,31.5,23.5,89,1,180
2017,7,14,13.8,30.4,23.4,90,1,220
2017,7,15,38.8,30.8,23.5,92,1,220
2017,7,16,2.4,32.8,23.2,85,2,140
2017,7,17,1.4,33,24.4,86,2,360
2017,7,18,4.2,31.8,22.2,86,2,90
2017,7,19,1.4,32,24.2,85,1,90
2017,7,20,0,31.5,24,78,2,220
2017,7,21,5.6,31,23.5,82,1,220
2017,7,22,6,33,23.2,78,1,240
2017,7,23,9,28.5,23,89,2,240
2017,7,24,75,31.5,23,84,2,240
2017,7,25,0.6,32,24,80,2,270
2017,7,26,0,31,25,76,3,240
2017,7,27,0,32,25,77,3,240
2017,7,28,0,32,26.4,80,2,180
2017,7,29,-1,33.2,25.4,78,4,180
2017,7,30,0,33,25.5,80,2,180
2017,7,31,0,34.4,25.6,77,2,270
2017,8,1,0,34.5,25.5,75,2,220
2017,8,2,8.8,31.5,24.8,88,2,270
2017,8,3,0,33.8,24,78,3,220
2017,8,4,7.8,31.8,24,83,2,220
2017,8,5,0,33.5,25,74,2,270
2017,8,6,-1,33.5,24.5,80,1,220
2017,8,7,1.2,33,24.5,78,2,180
2017,8,8,25.4,33,24,89,1,180
2017,8,9,0,32.8,22.5,81,1,270
2017,8,10,0.2,33,23.5,78,1,270
2017,8,11,0,33,24.2,80,1,120
2017,8,12,0,32.6,24.5,80,1,140
2017,8,13,0,33.4,24.4,81,1,90
2017,8,14,2.8,33,24,87,1,250
2017,8,15,0,34,24.5,80,1,90
2017,8,16,0,32.5,24.5,82,1,90
2017,8,17,0,32.5,24.5,83,1,90
2017,8,18,0,34,25,76,2,300
2017,8,19,73,32,23,89,2,270
2017,8,20,4.8,32,23.5,83,2,240
2017,8,21,14,32,24.5,81,3,200
2017,8,22,11.6,33,23,80,2,180
2017,8,23,1.8,31.5,23.5,82,1,180
2017,8,24,32.2,31,23,89,1,270
2017,8,25,3.6,29.8,23.2,88,1,270
2017,8,26,0,32.8,23.8,83,1,110
2017,8,27,0.2,33.5,25.2,83,1,360
2017,8,28,1.2,32.2,24.4,82,2,360
2017,8,29,34.8,34.5,23.7,75,2,270
2017,8,30,0.2,32.5,25,79,1,220
2017,8,31,1.5,33,24.8,81,2,220
2017,9,1,0,34,25,76,2,220
2017,9,2,0,34.5,25,75,2,240
2017,9,3,0,34,24.5,78,1,270
2017,9,4,5.4,32.5,23,87,1,270
2017,9,5,0,32,23.8,85,1,220
2017,9,6,2.4,33.5,24.2,79,1,90
2017,9,7,0,34.2,25.2,78,1,140
2017,9,8,1.4,34.2,24.8,83,2,360
2017,9,9,20.2,34,23.5,83,1,360
2017,9,10,4.3,32.5,24,85,2,320
2017,9,11,28.2,29.2,22.5,84,2,240
2017,9,12,3,29.5,24.4,80,4,200
2017,9,13,0.6,33.5,24,76,2,180
2017,9,14,0,32.5,24.5,84,1,140
2017,9,15,0,33.5,24.5,85,1,180
2017,9,16,0,33,24.5,81,2,180
2017,9,17,0,33.5,24.5,81,1,180
2017,9,18,0,31.5,24,84,1,180
2017,9,19,12.2,31.5,24,84,1,180
2017,9,20,25.8,31.8,23.5,87,1,220
2017,9,21,2.6,32.2,23.5,85,1,360
2017,9,22,66.4,31.5,22.5,85,1,220
2017,9,23,0,31,22,81,1,190
2017,9,24,7,32.8,24.4,81,1,280
2017,9,25,11,31.8,22.8,84,1,180
2017,9,26,0,32.6,23.8,82,1,180
2017,9,27,0,33,23.8,85,1,250
2017,9,28,44,32,22.5,92,1,110
2017,9,29,51.4,32.8,22.4,89,1,360
2017,9,30,2.2,30.2,23.6,89,1,40
2017,10,1,0,32.2,24.5,82,1,110
2017,10,2,0,33.1,24,78,1,120
2017,10,3,7.8,32,23.5,81,1,360
2017,10,4,0,33,24,83,1,180
2017,10,5,0,33.5,24,81,1,120
2017,10,6,0,33,24.5,83,1,20
2017,10,7,0,33,23.5,83,1,240
2017,10,8,2.3,32,23.8,84,1,180
2017,10,9,4.6,29.5,23.5,92,1,360
2017,10,10,1,32.5,24.2,84,1,270
2017,10,11,36.8,33,23.8,81,2,320
2017,10,12,0,32.2,24.5,84,2,180
2017,10,13,6,33,25.4,84,4,200
2017,10,14,1.2,31.8,24.4,87,4,180
2017,10,15,6.4,33.5,22.5,82,1,180
2017,10,16,54.5,32.3,22,82,1,240
2017,10,17,13.5,31.4,23.5,86,1,340
2017,10,18,72.2,32,23,89,1,340
2017,10,19,2.2,28.9,23.5,85,2,200
2017,10,20,11.6,31,23,82,2,220
2017,10,21,0,33.9,24.6,73,2,220
2017,10,22,1.6,32.2,24,79,1,220
2017,10,23,54.7,30,22.5,90,2,140
2017,10,24,0,33.4,23,81,1,90
2017,10,25,0,32.5,23,84,1,360
2017,10,26,0,32.1,24.4,78,1,360
2017,10,27,0,32,23,81,1,360
2017,10,28,0,32.5,24.5,81,2,140
2017,10,29,0,32.5,24,81,2,90
2017,10,30,13.2,33.5,23.5,80,2,140
2017,10,31,48.6,27.3,22,95,2,90
2017,11,1,-1,31,24.4,87,1,120
2017,11,2,0,33,24.7,83,1,60
2017,11,3,0,33.1,22.9,82,1,140
2017,11,4,0,31.5,24.6,84,1,360
2017,11,5,0,33,25,84,2,120
2017,11,6,0,34,25,84,2,40
2017,11,7,13.3,31.5,23,88,1,40
2017,11,8,28.4,33,23.2,86,1,360
2017,11,9,10.8,28.8,22.2,94,1,270
2017,11,10,0,32,24.3,90,1,90
2017,11,11,0,33.5,23.2,82,1,120
2017,11,12,4.6,32,24,88,1,360
2017,11,13,0.4,32.5,24.5,89,1,40
2017,11,14,-1,33,23.5,81,2,40
2017,11,15,0,33.5,24,83,1,90
2017,11,16,58.2,29,22.9,91,1,40
2017,11,17,7.6,27.8,23,92,1,90
2017,11,18,0,32.5,24.4,86,1,120
2017,11,19,0,34,24.5,81,1,120
2017,11,20,0,33.8,24,78,1,120
2017,11,21,2.6,33,23.7,84,1,90
2017,11,22,1.9,32.5,24,84,1,90
2017,11,23,2.2,32.5,23.6,83,1,360
2017,11,24,15,32.5,23.5,87,1,120
2017,11,25,5.7,31,23.5,90,1,90
2017,11,26,6,33.5,24,85,1,120
2017,11,27,8.2,33.5,24,87,2,90
2017,11,28,1,33.5,24.5,83,2,90
2017,11,29,1,31.5,23.7,88,1,40
2017,11,30,2,32.5,24.5,90,1,120
2017,12,1,0,32.5,24.7,81,1,90
2017,12,2,0,33.8,24.1,81,1,120
2017,12,3,0.2,33.6,23.7,80,1,120
2017,12,4,0,32.5,23.5,80,1,360
2017,12,5,8,32,23.5,86,1,90
2017,12,6,0,29.7,23,88,1,360
2017,12,7,0,32.8,23,81,1,90
2017,12,8,0,32,22.9,81,1,360
2017,12,9,0,32.5,23.5,80,1,360
2017,12,10,0,32,24,81,1,300
2017,12,11,4.8,31.5,23,86,1,40
2017,12,12,10.8,30,23.5,86,2,340
2017,12,13,25.6,27.5,21.9,91,2,360
2017,12,14,4.2,28.2,22.5,79,3,360
2017,12,15,63,26.5,21,81,2,320
2017,12,16,224.4,25.7,20.6,96,2,320
2017,12,17,22,28.6,22.1,91,1,120
2017,12,18,8,29.9,23.6,90,1,120
2017,12,19,-1,32,23,85,1,120
2017,12,20,17.6,33.1,22.1,82,1,350
2017,12,21,24.2,29.7,22.1,90,1,90
2017,12,22,33.6,28,22.5,91,1,40
2017,12,23,0.6,30.3,23.7,87,1,40
2017,12,24,0,32.1,23.4,83,1,120
2017,12,25,0.8,30,23,89,1,40
2017,12,26,-1,30.2,23.5,88,1,20
2017,12,27,1.8,31,23,88,1,90
2017,12,28,31.4,29,22.5,91,1,20
2017,12,29,14.8,29,22.5,91,2,40
2017,12,30,7.2,31,22.5,85,2,40
2017,12,31,117.4,26.8,20.7,93,3,350
2018,1,1,45.8,26.8,21.5,95,1,40
2018,1,2,43.6,26,22.3,96,1,40
2018,1,3,10.8,29.5,23,91,1,20
2018,1,4,1.1,29.5,22.9,91,1,90
2018,1,5,17,29.5,22.7,91,1,360
2018,1,6,3.2,30.2,22.4,89,1,360
2018,1,7,0,30.6,22.3,87,1,350
2018,1,8,0,31.1,22.6,84,1,140
2018,1,9,0,32,23.4,85,1,90
2018,1,10,8.6,31,23,86,1,360
2018,1,11,0,30,23.5,85,3,350
2018,1,12,12.6,29,22.5,88,3,340
2018,1,13,82.4,24.5,21.5,95,2,20
2018,1,14,123.6,25,21,95,2,350
2018,1,15,32.2,26.5,20.5,95,1,360
2018,1,16,14.4,28,22.6,90,1,320
2018,1,17,0.2,29.6,22.5,89,1,90
2018,1,18,6,30,22.7,86,1,90
2018,1,19,26.2,26.6,22.4,94,1,90
2018,1,20,0.4,31,21.7,84,1,90
2018,1,21,12,30.8,22.3,83,1,20
2018,1,22,0,31.3,22.6,85,1,120
2018,1,23,0,31.5,23.5,83,1,20
2018,1,24,1,30,22.8,86,1,350
2018,1,25,0,30.5,23.8,84,1,360
2018,1,26,0,31.8,23.5,81,1,90
2018,1,27,25,27.8,21.5,90,2,40
2018,1,28,8.6,25.4,21.5,93,1,350
2018,1,29,0,31.2,22,86,1,90
2018,1,30,0,30.2,21.6,79,1,140
2018,1,31,4.6,29.5,21.4,84,1,340
2018,2,1,0,31,23.4,80,2,360
2018,2,2,3.4,29.5,23,86,1,360
2018,2,3,5,27.5,22,91,1,360
2018,2,4,22.6,26.4,21.3,94,2,360
2018,2,5,-1,28.3,22,85,1,360
2018,2,6,0,29.5,21.7,80,1,360
2018,2,7,0,29.8,22,85,1,90
2018,2,8,0,30,20.4,84,1,360
2018,2,9,0,30,20.3,77,1,360
2018,2,10,0,30,21,81,1,360
2018,2,11,11.2,31,23,82,2,350
2018,2,12,29,28,22.5,91,2,40
2018,2,13,14.6,27,22.2,91,2,40
2018,2,14,9,28,23,90,2,90
2018,2,15,0,31.2,23.5,88,1,90
2018,2,16,0,31.2,22.9,83,1,140
2018,2,17,0.2,30.6,22,84,1,90
2018,2,18,0,32.2,22.5,79,1,90
2018,2,19,0.2,30.2,23,83,1,90
2018,2,20,3.2,30.2,22.5,86,1,90
2018,2,21,0,31.6,23.2,83,1,120
2018,2,22,0,32.2,22,78,1,90
2018,2,23,0,32,22.5,74,1,90
2018,2,24,84.2,28.8,22.5,83,1,40
2018,2,25,1.2,27,22.5,91,2,40
2018,2,26,1.6,30,23.5,87,1,90
2018,2,27,2.4,31,23,89,1,90
2018,2,28,0,31,23.5,84,2,90
2018,3,1,0,32,22.9,83,1,90
2018,3,2,2,30.3,23.4,86,1,90
2018,3,3,19,30.4,23.2,80,1,120
2018,3,4,2.2,30,22,87,1,70
2018,3,5,0.3,31.5,22.5,83,1,90
2018,3,6,1.8,32.1,23.1,82,1,70
2018,3,7,0,32.7,21.8,79,1,70
2018,3,8,3.4,32.7,22.2,81,1,340
2018,3,9,16.2,30,21.8,86,1,360
2018,3,10,12.6,29.3,20.4,87,1,20
2018,3,11,1.2,30,22,85,2,20
2018,3,12,16.8,31.1,21.9,81,2,20
2018,3,13,0.4,30,22.5,84,1,40
2018,3,14,2.4,30,22,78,1,360
2018,3,15,2.4,28,22,94,1,320
2018,3,16,2.6,30.5,23,87,1,90
2018,3,17,0,32,23.5,81,1,80
2018,3,18,0,33,23.5,78,1,90
2018,3,19,-1,31,23.5,79,1,100
2018,3,20,0,31.8,22.5,80,1,100
2018,3,21,0,32.1,22.4,81,1,90
2018,3,22,6,32.2,21.5,76,2,360
2018,3,23,33.4,27.2,20.5,88,2,90
2018,3,24,0,29.8,22.4,79,2,20
2018,3,25,0,30.7,21.4,77,2,360
2018,3,26,0,31.6,21,74,1,360
2018,3,27,0.6,30.6,22.5,72,1,320
2018,3,28,0,30,22,80,2,340
2018,3,29,0,31,21.6,77,2,340
2018,3,30,0.6,31,22,82,1,290
2018,3,31,0.4,31,22,79,2,340
2018,4,1,2,31.2,21.1,75,1,320
2018,4,2,0,32.5,23.4,81,1,90
2018,4,3,0,31,22.5,77,2,110
2018,4,4,0,31.2,22,74,2,90
2018,4,5,2,29.6,22.5,77,2,90
2018,4,6,8.6,29,23,86,1,350
2018,4,7,0,30.4,23.4,82,1,20
2018,4,8,4,30.8,23.4,84,1,360
2018,4,9,0.6,33,23.3,84,2,90
2018,4,10,0,32.4,24,81,1,90
2018,4,11,2.4,32.4,23.5,85,2,110
2018,4,12,-1,33,24,80,1,110
2018,4,13,0.6,32,24,82,2,90
2018,4,14,0,32,24,80,2,90
2018,4,15,0,33,23,79,1,90
2018,4,16,0,33,23.6,75,1,90
2018,4,17,0,32.2,23.4,76,1,90
2018,4,18,-1,33,24,78,1,360
2018,4,19,0,30.6,23.8,78,1,20
2018,4,20,0,30.6,24,79,1,360
2018,4,21,-1,32.2,23.4,80,1,110
2018,4,22,0.2,31.2,24,80,2,70
2018,4,23,0,33,24,75,2,110
2018,4,24,0,32.2,24.3,79,1,110
2018,4,25,0,33,24.6,78,2,110
2018,4,26,0,33,24,76,2,70
2018,4,27,0,32.8,24.6,77,2,90
2018,4,28,0,33.4,24,78,2,90
2018,4,29,0.2,32.6,24,84,1,110
2018,4,30,0.2,32.8,24.5,78,1,70
2018,5,1,0.4,34,25,75,0,0
2018,5,2,1,34,24.5,80,1,90
2018,5,3,1.6,29.6,23.6,83,1,70
2018,5,4,0.6,34,24,77,1,90
2018,5,5,0,30.6,24,84,1,90
2018,5,6,0,33,24.5,80,2,90
2018,5,7,0,33.4,24,75,1,90
2018,5,8,0,33.7,24,75,1,90
2018,5,9,0,34.6,24.4,72,1,110
2018,5,10,0,33.6,25,77,1,110
2018,5,11,0.1,33.6,24.5,77,2,110
2018,5,12,0,33.8,24,78,1,110
2018,5,13,0,34,25,78,2,110
2018,5,14,0,33.8,25.5,77,1,90
2018,5,15,-1,33.8,25.5,77,2,90
2018,5,16,0,34.6,25.5,74,2,110
2018,5,17,0,33.2,24,80,1,90
2018,5,18,0,34,25,78,2,90
2018,5,19,0,33.8,25,74,1,90
2018,5,20,0,33.4,25,77,2,110
2018,5,21,0,32.8,25.5,75,2,90
2018,5,22,0,33.4,24.5,79,1,90
2018,5,23,0,34.6,25.5,74,2,110
2018,5,24,0,34.4,25.5,70,2,90
2018,5,25,0,34.4,24,73,2,90
2018,5,26,0,33.5,25.2,71,2,90
2018,5,27,0,34,25.5,76,2,90
2018,5,28,0,34.2,26,76,2,90
2018,5,29,0,33,25.3,75,2,90
2018,5,30,1.4,32.7,24.5,79,1,90
2018,5,31,0,33.8,24.6,78,1,90
2018,6,1,1.4,33,25.5,77,2,90
2018,6,2,3,30,24.2,81,1,220
2018,6,3,0,33,24.5,78,1,340
2018,6,4,0,34.8,25.5,73,2,340
2018,6,5,19,32.4,23.5,88,1,340
2018,6,6,22.2,32.5,22.5,77,2,220
2018,6,7,13.6,29.9,22,83,3,220
2018,6,8,1,30.5,23.4,80,2,220
2018,6,9,7.6,31,24.4,81,2,200
2018,6,10,16.4,32.2,24.5,82,3,200
2018,6,11,0,32,25.5,75,3,200
2018,6,12,0,32.4,25.5,72,2,200
2018,6,13,0,33.8,25.6,75,2,200
2018,6,14,0,33,25,76,2,200
2018,6,15,2.2,33,23.7,77,2,200
2018,6,16,0,33.4,24.5,75,2,200
2018,6,17,0,33.5,25.5,76,1,220
2018,6,18,0,34,24.5,76,1,220
2018,6,19,0,33.2,26,77,1,270
2018,6,20,5.4,30.5,24.9,81,1,220
2018,6,21,-1,31,23.9,80,1,270
2018,6,22,11.7,30.4,23.4,84,1,250
2018,6,23,0,32,24,80,1,90
2018,6,24,0,31.6,23.5,77,1,110
2018,6,25,0.2,32.2,23,81,1,110
2018,6,26,0,31,23.5,80,1,180
2018,6,27,0.8,30.4,23.5,85,1,110
2018,6,28,0.8,32,23.5,78,1,270
2018,6,29,-1,32.8,24.5,74,1,220
2018,6,30,0,32.8,24.5,72,1,220
2018,7,1,0,32.6,24.5,73,2,200
2018,7,2,0,33.4,24.5,72,1,220
2018,7,3,0,32.2,25,75,1,250
2018,7,4,0,33.4,25,71,2,220
2018,7,5,0,31.8,24,75,2,220
2018,7,6,1.4,32,24.5,76,2,200
2018,7,7,28.9,31.4,23,87,1,180
2018,7,8,16.7,32.9,23.5,83,1,200
2018,7,9,1.2,30.9,24.2,81,2,220
2018,7,10,2.5,31.5,23.5,80,2,200
2018,7,11,5.3,32.9,23.5,77,1,220
2018,7,12,0.2,31.5,22.8,78,2,250
2018,7,13,0,32,23.8,78,2,220
2018,7,14,0.2,32.6,23.3,79,1,250
2018,7,15,-1,32.5,24,74,2,220
2018,7,16,9,31.8,23.7,79,2,220
2018,7,17,11.2,30.8,23,82,2,220
2018,7,18,0,32.8,25,76,2,270
2018,7,19,3.3,33.5,24,78,2,220
2018,7,20,0,32.7,25,76,2,220
2018,7,21,0,32.8,24.8,76,3,200
2018,7,22,0.2,31.8,24,77,3,220
2018,7,23,0,29.3,24,78,2,250
2018,7,24,-1,30.4,24,80,1,250
2018,7,25,5,32.2,24.5,77,2,220
2018,7,26,-1,32,24.5,75,2,220
2018,7,27,5,31,24.5,77,2,220
2018,7,28,0,33.4,25,70,2,220
2018,7,29,0.6,31.8,25,73,2,220
2018,7,30,0,33.6,25.5,71,2,220
2018,7,31,14.2,29.6,24.5,84,2,220
2018,8,1,-1,32.6,24,75,2,250
2018,8,2,1.3,32,24,78,2,200
2018,8,3,2.4,31.6,23,80,2,220
2018,8,4,14.8,31.8,23.2,79,2,200
2018,8,5,0,32,24,80,1,250
2018,8,6,3.1,30.8,23.9,80,2,200
2018,8,7,24.8,31.6,23,80,2,220
2018,8,8,1,30.8,23.5,78,2,200
2018,8,9,0,31,25.2,78,2,220
2018,8,10,-1,30.6,24.5,79,2,220
2018,8,11,-1,31.8,25.5,67,3,250
2018,8,12,2.8,31.2,25.5,67,3,220
2018,8,13,0.6,32.8,25,69,2,220
2018,8,14,0,32.8,25.5,68,2,200
2018,8,15,0,34,25.5,68,2,250
2018,8,16,0,33.4,25.5,70,2,220
2018,8,17,0,32.6,25,74,2,220
2018,8,18,0.6,33,24.1,75,2,220
2018,8,19,1.5,32.4,24.5,77,2,220
2018,8,20,0,33.7,24.6,71,2,220
2018,8,21,0,34,25,73,3,200
2018,8,22,0,33.5,24.7,76,2,220
2018,8,23,0,34,25,72,2,220
2018,8,24,0,34,25.5,68,2,220
2018,8,25,0,32.6,25,73,2,220
2018,8,26,0,32,24,77,1,180
2018,8,27,0,32.8,23.5,75,1,200
2018,8,28,4,32,23.2,77,1,90
2018,8,29,-1,32.6,23.4,79,1,90
2018,8,30,0.4,32.7,24.5,78,1,290
2018,8,31,12.4,27.9,23,90,1,290
2018,9,1,0,30.6,23.3,81,1,40
2018,9,2,-1,30.8,24.2,79,1,200
2018,9,3,16.8,31.2,23,79,2,200
2018,9,4,0.4,29.8,23.5,74,3,220
2018,9,5,0.6,29.4,24.5,78,2,220
2018,9,6,5.4,31,24.5,81,2,200
2018,9,7,0,31.8,25,74,2,220
2018,9,8,0,32.4,24.5,76,2,220
2018,9,9,0,32.4,24,79,1,360
2018,9,10,0.8,31.8,24,78,1,220
2018,9,11,2.8,32.6,24,77,1,270
2018,9,12,7.5,31.5,23.6,83,1,250
2018,9,13,64.8,31.8,21.5,79,2,250
2018,9,14,28.6,28.8,24,86,3,200
2018,9,15,15.2,29.4,22.5,82,4,200
2018,9,16,0,31.8,23.9,79,1,200
2018,9,17,3.4,32,23.8,79,1,360
2018,9,18,21,30.3,23.5,85,1,20
2018,9,19,6,32.2,23.5,82,1,90
2018,9,20,0,31.7,23.2,83,1,110
2018,9,21,1.4,31.1,22.5,82,1,220
2018,9,22,11.6,30.5,22.5,86,1,360
2018,9,23,3.4,31.6,24,79,1,320
2018,9,24,0,32.6,25,75,2,220
2018,9,25,0,32.6,25,72,3,220
2018,9,26,0,33,24.4,75,2,220
2018,9,27,0,32.2,25.3,73,3,220
2018,9,28,-1,32.6,24.5,79,2,220
2018,9,29,0,33.2,24.5,76,2,200
2018,9,30,3.4,30.4,23.5,82,1,220
2018,10,1,1.2,31,24,83,1,250
2018,10,2,14,31.2,23.5,86,1,250
2018,10,3,0,32,23,77,1,360
2018,10,4,0.2,32.6,23.2,76,1,200
2018,10,5,0,32.4,23.5,81,1,340
2018,10,6,0,32,24.5,81,1,90
2018,10,7,0,33,24.4,77,1,90
2018,10,8,0,32.2,24.5,79,1,90
2018,10,9,0,32.6,25,79,1,90
2018,10,10,0,31.6,24.4,79,1,110
2018,10,11,0,32.6,25,77,1,110
2018,10,12,0,33.2,25,76,1,90
2018,10,13,0,32.8,25.5,80,1,90
2018,10,14,0,34.4,24.4,77,1,90
2018,10,15,-1,31.2,23,82,1,90
2018,10,16,1,32.2,23.5,81,1,110
2018,10,17,0,33,24.5,79,2,90
2018,10,18,0,32.2,23.7,78,1,110
2018,10,19,1.5,32.2,24.3,85,1,360
2018,10,20,10.2,31.8,23.4,83,1,20
2018,10,21,0,29.2,24,87,1,340
2018,10,22,0.2,31.4,23.6,83,1,360
2018,10,23,0,32,22.4,78,1,320
2018,10,24,0,32.5,23.3,75,1,340
2018,10,25,0,32,23.5,75,2,340
2018,10,26,0,31.6,24.5,74,1,340
2018,10,27,0,31.8,23.7,71,1,320
2018,10,28,0,30.8,23,71,1,320
2018,10,29,0,31.2,24.3,72,2,200
2018,10,30,0,32.3,23,71,2,160
2018,10,31,0,32.6,23.2,79,1,110
2018,11,1,-1,33.3,24.8,76,2,90
2018,11,2,0,33.5,24.9,73,1,110
2018,11,3,0,33.2,24.5,74,1,20
2018,11,4,18.1,34,23.5,78,1,270
2018,11,5,10.3,28.8,23.2,93,1,40
2018,11,6,2.6,31.8,23.8,81,2,70
2018,11,7,1.8,32.4,23.2,81,1,40
2018,11,8,5.6,31.9,23,84,1,360
2018,11,9,17,33,23,80,1,70
2018,11,10,12.4,31.4,23.5,92,1,40
2018,11,11,-1,32.2,24,81,1,360
2018,11,12,0,32.4,22.3,77,1,40
2018,11,13,1,30.6,24,83,1,40
2018,11,14,15.6,30.8,23,88,1,40
2018,11,15,0,31.6,23,86,1,70
2018,11,16,8.5,31.4,22.5,90,1,70
2018,11,17,5.6,30.8,23.4,81,1,20
2018,11,18,0.8,30.7,23,80,1,340
2018,11,19,22.4,31.4,22.5,82,2,340
2018,11,20,29.8,27.2,22,92,2,360
2018,11,21,0,31,24,87,2,90
2018,11,22,6.2,31.6,22.7,86,1,90
2018,11,23,0,31.4,22.5,81,1,110
2018,11,24,0,30.8,23,79,1,110
2018,11,25,0,32,22.6,78,1,70
2018,11,26,0,31.5,22.3,78,1,20
2018,11,27,1.4,31.4,24.4,82,1,20
2018,11,28,0,31.3,22.6,82,1,110
2018,11,29,0,32.7,23.5,77,1,20
2018,11,30,3.8,32.8,23.4,79,2,20
2018,12,1,23.4,30,23.3,92,1,70
2018,12,2,0.6,31.1,23.7,81,1,40
2018,12,3,0,31.2,24.4,84,2,360
2018,12,4,7.8,32,24,80,1,90
2018,12,5,-1,30.7,24.5,86,2,70
2018,12,6,-1,32.4,24.5,84,1,70
2018,12,7,0,32.4,24.5,79,1,90
2018,12,8,4,32.6,24.5,82,1,20
2018,12,9,2.6,32.4,24,84,1,70
2018,12,10,0.8,31.4,24.5,85,1,90
2018,12,11,0,32,25.1,79,1,90
2018,12,12,4.4,31,24.2,85,1,20
2018,12,13,5.4,28.6,24.5,88,2,70
2018,12,14,11.2,30.4,24.7,87,2,70
2018,12,15,30.8,28.8,23.9,89,1,20
2018,12,16,119.8,27.4,23.7,94,1,90
2018,12,17,5,27.3,23.8,92,1,340
2018,12,18,0,29.8,23.5,81,1,20
2018,12,19,4.1,27.9,23.5,84,1,20
2018,12,20,36.8,25.9,23.5,92,1,340
2018,12,21,2.6,29.3,24.5,90,1,360
2018,12,22,13.4,28.8,23.5,91,1,360
2018,12,23,4.8,26.5,24,93,1,320
2018,12,24,0.4,31,23.5,86,1,110
2018,12,25,0,31.4,25,85,1,110
2018,12,26,0,31,24,85,1,360
2018,12,27,4.6,28.4,23,84,1,320
2018,12,28,133.8,25.4,22.5,95,1,320
2018,12,29,143.2,27.2,23.5,96,2,90
2018,12,30,1.4,30.1,24.1,87,1,70
2018,12,31,0,28.7,24.8,89,1,70
2019,1,1,4.2,29.5,24.5,87,2,70
2019,1,2,2.4,30.8,24.2,84,2,70
2019,1,3,0.6,30.5,24.5,82,1,70
2019,1,4,0,30.4,24.6,84,1,40
2019,1,5,0,29.4,23.8,84,1,90
2019,1,6,0,31.4,22.8,81,2,20
2019,1,7,2.8,28.4,23.7,87,1,40
2019,1,8,1.4,29,23,88,1,70
2019,1,9,1.2,29.2,23.8,87,2,70
2019,1,10,0,30.2,24.5,81,1,70
2019,1,11,9.2,30.6,23,81,1,70
2019,1,12,2,29.6,23.8,85,1,340
2019,1,13,-1,31.4,23.8,82,1,70
2019,1,14,1.2,30.8,23.7,79,2,70
2019,1,15,0.8,30.6,23,77,2,70
2019,1,16,1.6,30.2,22.5,80,1,70
2019,1,17,0,28.8,22.9,82,1,20
2019,1,18,2,30.8,22.7,72,1,70
2019,1,19,0.4,30.8,23.8,76,1,70
2019,1,20,15.8,27,23.5,89,2,360
2019,1,21,3,27.6,24,91,1,320
2019,1,22,2,27.8,24,86,2,340
2019,1,23,1.2,27.2,24.4,89,1,20
2019,1,24,117.2,25.4,23,95,1,70
2019,1,25,0,27.2,23.5,80,1,40
2019,1,26,0,28.6,22.2,78,1,70
2019,1,27,0,28.9,22.7,72,1,40
2019,1,28,0,29.4,22.1,72,1,70
2019,1,29,0.6,29.1,21.6,77,1,20
2019,1,30,0,30,24,78,1,90
2019,1,31,0,30,21.9,85,1,90
2019,2,1,-1,30.6,23.4,73,1,70
2019,2,2,1.2,27.3,23.1,81,2,70
2019,2,3,1,31,22.8,78,1,70
2019,2,4,0,31.4,22.5,82,1,70
2019,2,5,0,31,24.5,79,1,340
2019,2,6,0,30.4,21.5,78,1,90
2019,2,7,0,30.4,24,79,1,110
2019,2,8,0,31,23.5,78,1,90
2019,2,9,4.2,31.4,23.5,83,2,90
2019,2,10,0,31.4,24,80,2,70
2019,2,11,0,31,23,77,2,70
2019,2,12,0,31,23,76,1,70
2019,2,13,14.2,30.2,22.9,86,1,90
2019,2,14,1,30.7,23.5,78,1,70
2019,2,15,0.2,28.2,22.5,83,1,70
2019,2,16,0,30.4,22.5,80,2,90
2019,2,17,0,30.8,22.5,78,2,90
2019,2,18,0,30.9,23.5,77,1,90
2019,2,19,0,31,23,83,2,90
2019,2,20,0,31.8,22.5,71,1,70
2019,2,21,0,30.8,23.5,72,1,70
2019,2,22,0,29.8,22.4,81,1,90
2019,2,23,0,31,23.5,78,2,90
2019,2,24,0,31,23,76,1,110
2019,2,25,0,30,20.5,77,1,90
2019,2,26,0,30.3,21.5,72,1,90
2019,2,27,0,31.4,22,73,1,40
2019,2,28,0,31.2,22.9,75,1,360
2019,3,1,0,31.4,21.1,75,1,90
2019,3,2,0,30.8,24,77,1,90
2019,3,3,0,31,25,81,2,110
2019,3,4,0,32.6,25,78,2,90
2019,3,5,0,33.6,24.5,79,2,90
2019,3,6,0,32.4,24.5,78,1,110
2019,3,7,0,32.2,23.5,73,2,90
2019,3,8,0,31,25,76,2,90
2019,3,9,0,31.2,23.5,78,2,110
2019,3,10,0,31.8,24,79,2,90
2019,3,11,0,31.7,23.2,75,1,90
2019,3,12,0,31.8,23.5,73,1,110
2019,3,13,0,31.6,22.5,73,1,110
2019,3,14,0,31.8,23,71,2,110
2019,3,15,0,31.4,24.2,70,2,90
2019,3,16,0,33.2,24.5,71,1,90
2019,3,17,0.6,33.6,24,73,1,70
2019,3,18,0,33.4,25,71,1,70
2019,3,19,2.2,33.4,24.8,74,1,70
2019,3,20,4.6,29.8,23.9,83,1,70
2019,3,21,0,31.8,23.3,76,2,90
2019,3,22,0,32.2,24.8,72,1,90
2019,3,23,0,31.3,23.6,75,2,70
2019,3,24,0,33,24.5,74,2,90
2019,3,25,0,32.3,25.6,71,2,90
2019,3,26,3.2,32.8,24.4,80,1,90
2019,3,27,0.2,30.8,24.8,82,1,70
2019,3,28,0,31.8,23.9,78,2,110
2019,3,29,0,31,23,75,2,110
2019,3,30,0,31.2,22,74,2,110
2019,3,31,0,33,23.5,77,2,90
2019,4,1,2.4,31.4,24,75,2,110
2019,4,2,0,32,24.5,79,2,70
2019,4,3,0,33.2,24.5,74,2,90
2019,4,4,0,32.2,24,72,1,90
2019,4,5,0,32.2,25.5,77,2,90
2019,4,6,0,32.2,25.5,79,2,90
2019,4,7,0,33.4,25,75,2,90
2019,4,8,6.8,31.8,25,82,1,110
2019,4,9,1.2,32.2,25,86,2,90
2019,4,10,0.4,32.8,25.5,85,1,90
2019,4,11,0,33.4,25.5,79,1,90
2019,4,12,0,32.8,25.5,78,2,90
2019,4,13,0,32.6,25,77,2,90
2019,4,14,0,32.6,26,79,2,90
2019,4,15,0,33.4,25.5,74,2,110
2019,4,16,0,33.4,25,74,2,110
2019,4,17,0,32.8,25,75,1,90
2019,4,18,0,33.4,25.5,79,2,110
2019,4,19,0,33.6,25.5,74,2,90
2019,4,20,0,32.4,25.7,70,2,90
2019,4,21,0,33.6,24.7,71,2,90
2019,4,22,0,32.4,25.5,69,2,90
2019,4,23,0,33.6,25.8,71,2,90
2019,4,24,0,32.8,25.5,72,2,90
2019,4,25,0,33,25.5,75,2,90
2019,4,26,0,33,25,75,2,90
2019,4,27,0,34.4,24.5,75,2,90
2019,4,28,0,32.4,25,79,1,90
2019,4,29,0,33,25.5,76,2,90
2019,4,30,0,33.8,25.8,77,2,110
2019,5,1,0,33.8,25.5,74,2,90
2019,5,2,0,33.6,26,77,1,110
2019,5,3,15.6,33.3,24.5,82,1,90
2019,5,4,-1,32.2,25.5,80,1,140
2019,5,5,7.6,31.6,25,81,1,250
2019,5,6,0,33.8,25.5,71,2,250
2019,5,7,0,34.6,27,72,2,220
2019,5,8,45,29.4,25.5,86,1,250
2019,5,9,45,31.4,25,85,1,250
2019,5,10,14.6,31.2,26,85,1,220
2019,5,11,36.2,32,25.5,84,1,90
2019,5,12,0,33.2,26.5,83,1,90
2019,5,13,0,34.2,26.7,79,2,90
2019,5,14,0,34,27,77,2,90
2019,5,15,0,34.2,26.5,77,2,110
2019,5,16,0,33.8,26,80,1,90
2019,5,17,0,33.2,26,77,1,90
2019,5,18,0,34.2,26.5,78,1,290
2019,5,19,0,33.4,26.5,80,1,250
2019,5,20,1,33.8,27.5,76,2,340
2019,5,21,0,35,27.5,74,1,200
2019,5,22,8.4,31.8,26.5,83,1,180
2019,5,23,40.4,32.5,25,83,1,180
2019,5,24,0,32.9,26.5,85,1,90
2019,5,25,0,31.8,26.5,83,2,90
2019,5,26,26.4,31.2,24.5,87,1,270
2019,5,27,0,33,25.5,83,1,90
2019,5,28,0,33,26,80,2,90
2019,5,29,0,33.8,26.5,76,2,90
2019,5,30,0,31.8,27,82,2,90
2019,5,31,0,32.7,26,83,1,90
2019,6,1,0,34,26.5,81,1,110
2019,6,2,0,34,26,78,2,110
2019,6,3,0,33,26.5,80,2,110
2019,6,4,0.2,32.8,25.5,81,2,110
2019,6,5,1,33.2,25.5,80,2,90
2019,6,6,0,32.8,26.5,76,2,110
2019,6,7,0,33.1,26,80,2,110
2019,6,8,0,33.5,26,78,2,110
2019,6,9,0,31.8,26,82,1,90
2019,6,10,-1,33.2,26.5,75,2,200
2019,6,11,0,34.6,27,71,1,220
2019,6,12,0,33.2,26.5,79,1,90
2019,6,13,0,34.5,27,79,1,70
2019,6,14,0.4,34.6,27,72,2,200
2019,6,15,-1,34.9,27,77,1,220
2019,6,16,2,34.2,26.5,75,1,220
2019,6,17,0,34,26.5,80,1,90
2019,6,18,0,34.4,27.2,74,2,90
2019,6,19,0,34.7,26.5,76,2,90
2019,6,20,0,34.6,27,76,2,110
2019,6,21,3.4,33,26,82,1,90
2019,6,22,0,33.9,26,78,1,90
2019,6,23,5,32.6,26,76,2,220
2019,6,24,18,29.9,24,89,1,250
2019,6,25,0.2,31.5,26,85,1,200
2019,6,26,2.2,31.4,25.2,83,1,220
2019,6,27,54.6,32.4,24.5,83,2,200
2019,6,28,0.6,32.1,26.5,77,2,200
2019,6,29,30.2,29.8,24.5,87,1,180
2019,6,30,42.6,30,25,82,2,220
2019,7,1,0.4,29.2,25,84,2,200
2019,7,2,0,32,24.5,78,1,180
2019,7,3,0,33,25.5,79,1,250
2019,7,4,0,33,25.5,77,1,90
2019,7,5,62.8,31.4,24,89,1,340
2019,7,6,0,32.4,25.5,77,1,180
2019,7,7,0.4,33.4,26,78,1,220
2019,7,8,0,33.6,24.5,73,1,270
2019,7,9,0,33.2,26,77,2,220
2019,7,10,15.8,32,25,83,1,220
2019,7,11,-1,33.5,25.5,84,1,90
2019,7,12,0,31.8,25,81,1,70
2019,7,13,0.6,30.4,24.5,84,1,220
2019,7,14,10.2,31.2,24,87,1,220
2019,7,15,29.8,27,23,88,1,220
2019,7,16,8.8,29,25,86,3,200
2019,7,17,0.2,30,26,73,4,200
2019,7,18,0,33.3,26,69,2,180
2019,7,19,0,32.8,25,74,2,200
2019,7,20,0,33,26.5,80,1,180
2019,7,21,22.8,33.2,25,81,1,250
2019,7,22,4.6,31,24,87,1,320
2019,7,23,9.8,30.4,24.7,85,1,270
2019,7,24,1,31.6,25,87,1,200
2019,7,25,-1,32.6,25.5,78,1,220
2019,7,26,0,32.7,26,78,2,250
2019,7,27,32,28.2,24,90,1,290
2019,7,28,14.4,29.6,24.5,86,1,270
2019,7,29,0,30.4,25,82,1,250
2019,7,30,0.4,31.2,25,84,1,250
2019,7,31,0,32,26,77,1,200
2019,8,1,0,32.2,25.5,77,2,250
2019,8,2,3.8,30.5,25.5,78,2,220
2019,8,3,19.4,28.4,25,84,2,220
2019,8,4,0.2,31.2,24.7,77,2,220
2019,8,5,1.4,29.6,24.2,84,3,220
2019,8,6,1,31.6,25,78,2,200
2019,8,7,0,31.2,25.5,78,4,200
2019,8,8,0,30.8,25.5,74,4,200
2019,8,9,0,31.4,26.5,75,3,200
2019,8,10,0,32.8,26.5,72,2,200
2019,8,11,0,32.6,27,72,2,220
2019,8,12,0,33.9,27,70,2,250
2019,8,13,0,33.3,26.5,71,3,220
2019,8,14,0,33.2,27,71,2,220
2019,8,15,0,33.3,26.5,74,2,220
2019,8,16,0,33.4,26.5,73,2,250
2019,8,17,0,33.4,27,73,2,220
2019,8,18,0,33.4,26.5,77,2,250
2019,8,19,-1,32.8,27.5,77,2,220
2019,8,20,3.8,31.8,24.5,81,2,220
2019,8,21,6.4,27.8,24.5,86,1,220
2019,8,22,7,28.6,24.5,81,2,220
2019,8,23,0,29.6,25.5,77,3,200
2019,8,24,0,31.6,25,78,2,200
2019,8,25,2.2,33.3,26,81,1,220
2019,8,26,16,32.6,24.5,81,2,290
2019,8,27,22.2,29.4,24.2,88,2,220
2019,8,28,3.2,30.9,25.3,77,3,220
2019,8,29,0,31.6,25,77,2,200
2019,8,30,21,31.2,24,79,1,220
2019,8,31,1.8,29.8,24.5,91,1,200
2019,9,1,0,31.4,25,80,2,220
2019,9,2,2.6,30.5,24.5,80,2,200
2019,9,3,0,30.4,25.5,81,2,180
2019,9,4,0,32.6,25.5,78,2,200
2019,9,5,0,33.1,26,72,2,220
2019,9,6,0,33,27,73,3,220
2019,9,7,0,33,27,66,2,250
2019,9,8,0,33.2,25.5,71,2,200
2019,9,9,0,34.4,26.5,69,2,250
2019,9,10,10.6,32.9,24.7,73,2,270
2019,9,11,81.2,28,23.5,91,2,270
2019,9,12,0.2,28.6,25.5,81,1,290
2019,9,13,0.4,30.5,25.5,80,2,200
2019,9,14,10.2,30.8,24.5,81,2,200
2019,9,15,9.8,31.2,24.5,78,2,220
2019,9,16,0,31.4,26.5,78,2,220
2019,9,17,35,32.4,24,80,2,200
2019,9,18,0.4,30.6,26,79,2,200
2019,9,19,0,31.8,26.5,74,3,250
2019,9,20,0,32,26.5,73,2,220
2019,9,21,0,31.8,26,72,2,200
2019,9,22,0,31.8,24.5,80,1,180
2019,9,23,0,33,26,80,1,90
2019,9,24,0,32,24.5,79,1,110
2019,9,25,0,32.9,25.5,78,1,360
2019,9,26,0,33.4,25.5,80,1,110
2019,9,27,0,33.4,25.5,77,1,90
2019,9,28,0,33.2,26,75,1,360
2019,9,29,0,33,26,73,2,200
2019,9,30,0,33.4,26,76,2,200
2019,10,1,-1,32.4,25,84,1,110
2019,10,2,0,32.5,24.7,77,1,90
2019,10,3,-1,32.4,24.7,76,1,90
2019,10,4,0,31.9,24.5,78,1,340
2019,10,5,0,32.6,26,76,1,360
2019,10,6,3.6,33.4,25,73,2,90
2019,10,7,0.8,32.6,25.5,79,1,360
2019,10,8,0,32.7,26,74,1,340
2019,10,9,0,31.8,25.5,79,1,340
2019,10,10,0,32.3,25,74,1,340
2019,10,11,0,32.8,25,72,1,360
2019,10,12,0,32.6,25,72,1,90
2019,10,13,0,32.2,25,70,1,40
2019,10,14,0,32.2,25,76,1,110
2019,10,15,-1,34,25.5,71,1,360
2019,10,16,3,33,25,79,1,20
2019,10,17,0,33.5,25,76,1,360
2019,10,18,4.8,33.5,25.2,79,1,360
2019,10,19,0.2,32.6,26,76,1,90
2019,10,20,32.6,32.6,25.5,81,1,70
2019,10,21,0,32.6,25.5,80,1,40
2019,10,22,3,32.8,25,80,1,90
2019,10,23,0,32.2,26,79,1,110
2019,10,24,0,32.9,26,76,1,110
2019,10,25,0,33.4,26.2,76,1,40
2019,10,26,4.2,34.6,25.2,73,1,20
2019,10,27,7.2,29.2,24.5,89,1,20
2019,10,28,17.8,28.8,24.8,91,1,110
2019,10,29,0,31.6,25.5,85,1,90
2019,10,30,17.6,32.6,24,82,1,40
2019,10,31,1.2,30.5,25,89,1,90
2019,11,1,-1,30.2,24.6,84,1,360
2019,11,2,0,32,26,82,1,90
2019,11,3,0,32,25.2,85,1,110
2019,11,4,1.6,33.2,25,74,1,250
2019,11,5,0,33.4,26,75,2,220
2019,11,6,0,32.2,26,71,3,200
2019,11,7,0,31.2,26.2,74,2,180
2019,11,8,0,33,25.5,74,2,180
2019,11,9,5.6,32.5,24.5,84,1,220
2019,11,10,6,32.2,25,79,2,270
2019,11,11,13.4,30,24.5,88,1,320
2019,11,12,0.2,29,25.5,76,2,360
2019,11,13,75,29.5,24,83,1,320
2019,11,14,22,29.4,24.5,91,1,40
2019,11,15,12.6,30,24.5,88,2,270
2019,11,16,0.2,30.4,25.5,82,2,290
2019,11,17,0.4,30.6,25.5,81,1,220
2019,11,18,0,32.8,24.5,79,1,200
2019,11,19,0,32,25,84,1,90
2019,11,20,-1,31.4,24.5,83,1,90
2019,11,21,-1,32.7,26,87,1,90
2019,11,22,0,32.9,26,79,1,90
2019,11,23,4,33.2,25.5,81,1,90
2019,11,24,1.8,33.5,24.7,79,1,70
2019,11,25,6.8,33.2,24.8,83,1,90
2019,11,26,0,31.5,25.5,85,1,70
2019,11,27,6,33.2,25.5,76,1,70
2019,11,28,6.8,33,25,77,2,20
2019,11,29,0,31.5,24.5,73,2,20
2019,11,30,0,32,24.5,67,2,360
2019,12,1,2,30.5,25.2,78,1,320
2019,12,2,179.2,28.5,24,88,6,290
2019,12,3,4.6,30.5,24,86,3,140
2019,12,4,0,30.9,25.2,87,1,90
2019,12,5,0,31.1,25.5,84,1,110
2019,12,6,0,31.5,25,83,1,70
2019,12,7,1.2,31.3,25.2,81,2,320
2019,12,8,7.3,26.7,23.5,90,2,360
2019,12,9,45.6,28.2,24,88,2,360
2019,12,10,1.8,29,24.3,87,1,340
2019,12,11,2.6,31.2,24.5,80,1,20
2019,12,12,2,31.4,25.4,81,1,70
2019,12,13,0.2,32.2,25,80,2,70
2019,12,14,4.8,32.7,25,79,1,70
2019,12,15,0.4,32.5,25,81,2,70
2019,12,16,55,32.5,23.5,79,2,70
2019,12,17,10.4,31.4,23.5,84,2,70
2019,12,18,1,31.2,24.5,83,2,340
2019,12,19,0,31.8,24.5,78,2,70
2019,12,20,1,32.8,24.8,77,1,70
2019,12,21,1,29.2,23.9,87,1,90
2019,12,22,-1,31.4,24.7,82,1,340
2019,12,23,-1,30.7,24.5,81,2,360
2019,12,24,47.2,28,24,88,4,340
2019,12,25,1.6,30,25,87,2,110
2019,12,26,16.6,29,24.5,89,1,90
2019,12,27,3.2,29.9,25.2,86,2,90
2019,12,28,0,30.8,24.5,82,2,90
2019,12,29,-1,31.2,24,78,2,90
2019,12,30,1,29.2,24.5,83,1,70
2019,12,31,3,32.8,24.5,79,2,70
2020,1,1,6.2,33,25,78,2,70
2020,1,2,1.4,32.2,25,76,2,70
2020,1,3,6.2,29.4,23.8,89,2,70
2020,1,4,5.4,31,24,84,2,70
2020,1,5,47.8,28.5,24,92,2,70
2020,1,6,50.4,28.6,23.8,92,2,40
2020,1,7,3.6,30.4,24,89,1,340
2020,1,8,0,30.5,24.3,86,2,70
2020,1,9,0,31.6,23.5,78,1,70
2020,1,10,0,32.1,23.5,79,1,70
2020,1,11,9,31.4,23,79,1,70
2020,1,12,0,30.2,23.2,83,1,90
2020,1,13,0,31,23.5,81,1,340
2020,1,14,2.4,30.4,24.5,83,2,340
2020,1,15,7.6,31,24.8,86,2,20
2020,1,16,3.4,29.9,24,89,2,340
2020,1,17,0,31,25,81,1,110
2020,1,18,18,31.5,23.8,84,1,20
2020,1,19,5,28.2,24,90,1,70
2020,1,20,0,30.9,24,77,2,70
2020,1,21,0,31,24,67,2,70
2020,1,22,0,32,23.5,71,2,70
2020,1,23,5.6,31.5,24,77,2,70
2020,1,24,2.8,28.5,25,89,2,90
2020,1,25,2.6,31,24,85,1,90
2020,1,26,0.4,31,23.5,88,1,90
2020,1,27,0,31.3,24.2,84,1,340
2020,1,28,0,31.5,23.7,83,1,90
2020,1,29,0,31.9,23.8,82,1,90
2020,1,30,0,30.5,22.3,78,1,340
2020,1,31,-1,31,23.5,74,2,360
2020,2,1,0,30,22.7,71,2,70
2020,2,2,0,29.8,22.5,71,2,40
2020,2,3,0,31,22.2,67,1,40
2020,2,4,0,30.5,24,74,1,360
2020,2,5,1.4,28.8,24,81,2,340
2020,2,6,7.6,28.5,25,91,2,70
2020,2,7,0.4,30.5,24.5,88,2,70
2020,2,8,3.2,31.5,24.5,81,2,70
2020,2,9,10,27.5,24,85,2,20
2020,2,10,-1,29.8,24.2,76,2,40
2020,2,11,0,29.2,22.5,76,1,70
2020,2,12,0.4,31.6,23.5,77,2,90
2020,2,13,0,32.4,24.5,78,2,90
2020,2,14,0,32.2,24,76,2,90
2020,2,15,0,32.5,23.6,76,2,90
2020,2,16,0,31.5,25,77,2,90
2020,2,17,0,34,23.5,73,1,40
2020,2,18,8.8,32.5,22.8,77,2,20
2020,2,19,5,25.8,23,89,2,20
2020,2,20,24.6,27,22.5,87,2,20
2020,2,21,13.6,29,22.5,88,2,90
2020,2,22,5,29,22,89,2,20
2020,2,23,14,29,23.5,88,2,70
2020,2,24,1.2,31.2,24,82,2,70
2020,2,25,0,32,23.8,79,2,70
2020,2,26,0,31.5,24,77,2,70
2020,2,27,0,31.5,24.8,80,2,20
2020,2,28,0.8,31,24,78,2,70
2020,2,29,0,31.8,23,76,2,70
2020,3,1,0,31.2,23,77,1,70
2020,3,2,2,32.5,23.5,75,2,70
2020,3,3,0,32.2,23.8,79,1,70
2020,3,4,0,31.5,25.5,76,2,90
2020,3,5,21.8,30.8,24.5,82,2,340
2020,3,6,11.8,28,24.6,91,2,340
2020,3,7,22.4,31,24.5,87,1,340
2020,3,8,0,31,24.8,86,1,90
2020,3,9,0,30.8,23.7,81,2,90
2020,3,10,0,31.5,24.7,81,2,90
2020,3,11,-1,31,24.5,77,2,90
2020,3,12,0,30.7,23.5,80,2,90
2020,3,13,0,31.8,24,82,2,90
2020,3,14,0,31.5,22,81,2,90
2020,3,15,0,31,23.5,80,2,110
2020,3,16,0,31.2,24.5,76,2,110
2020,3,17,0,30,23.4,82,2,40
2020,3,18,0,31.8,25,78,2,90
2020,3,19,0,31.2,24.8,76,2,90
2020,3,20,0,32,25,76,1,90
2020,3,21,0,33,25,76,2,90
2020,3,22,0,32,24.5,77,1,110
2020,3,23,0,33.2,24.7,73,1,90
2020,3,24,5.2,33,24,74,1,70
2020,3,25,0,32.5,25.2,73,2,70
2020,3,26,0,33,25.2,73,1,70
2020,3,27,0,33.3,25.2,75,2,70
2020,3,28,0,32,24.5,77,2,110
2020,3,29,0,31.9,25,76,2,110
2020,3,30,0,32.5,24.2,76,2,110
2020,3,31,0,32.1,25.2,77,2,110
2020,4,1,-1,32.5,25.2,82,2,90
2020,4,2,0.8,32,25.5,75,1,90
2020,4,3,9,30,24.5,89,1,90
2020,4,4,0,31.9,24.2,79,1,90
2020,4,5,0,32.4,24.8,75,2,110
2020,4,6,0,31.3,24.2,69,2,90
2020,4,7,0,32.8,25,75,2,110
2020,4,8,0,32,24,74,2,110
2020,4,9,0,32.7,25.5,76,2,110
2020,4,10,0,32.5,25.5,75,2,90
2020,4,11,0,32.8,24.6,73,1,110
2020,4,12,-1,32.1,24.8,82,1,140
2020,4,13,0,32.6,25.2,79,2,90
2020,4,14,0,32.9,25.3,76,2,70
2020,4,15,0,32.4,25,75,2,90
2020,4,16,0,33,26,75,2,90
2020,4,17,0,33.3,26,76,2,90
2020,4,18,0,33.1,26,78,2,90
2020,4,19,0,33.8,25.7,73,2,90
2020,4,20,0,33.4,26.7,75,2,90
2020,4,21,0,33.3,25.4,78,2,90
2020,4,22,1.6,33.5,25,74,2,70
2020,4,23,0.4,33,25.7,78,2,90
2020,4,24,0,33.8,25.4,76,1,90
2020,4,25,1.2,33.9,25.5,76,1,90
2020,4,26,0,34.5,26,72,2,90
2020,4,27,0,33.5,25.5,74,1,90
2020,4,28,0,33.8,26,76,1,70
2020,4,29,0,34,25.8,77,2,90
2020,4,30,0,34.2,25.2,79,2,90
2020,5,1,0,34,25,73,1,90
2020,5,2,12.4,28.8,25.2,87,1,70
2020,5,3,3.4,31.8,26.5,85,1,110
2020,5,4,0.2,33,26.7,84,2,90
2020,5,5,0,33.7,26.8,80,1,90
2020,5,6,0,33.5,26.6,81,2,90
2020,5,7,0,34.2,26.6,77,2,90
2020,5,8,0,33.1,26.4,79,2,110
2020,5,9,0,34,26.3,75,2,90
2020,5,10,0,33.5,26.9,77,2,90
2020,5,11,0,33.3,26.4,76,2,110
2020,5,12,0,34.2,26.4,77,1,110
2020,5,13,0,33.8,27.2,78,2,110
2020,5,14,111.8,31.3,24.4,85,4,290
2020,5,15,0.8,30.3,26,90,2,110
2020,5,16,6.4,31,25.5,89,2,110
2020,5,17,0,32,26.4,84,2,110
2020,5,18,0,32.6,26,84,2,90
2020,5,19,0,33,26.5,86,1,90
2020,5,20,0,33,27,85,2,90
2020,5,21,0,32.8,25.4,82,2,90
2020,5,22,0.2,32.6,26.9,82,1,90
2020,5,23,-1,34,26.5,76,2,200
2020,5,24,0,33.8,26,77,1,90
2020,5,25,0,34,26.8,79,1,90
2020,5,26,0,33,25.5,80,2,110
2020,5,27,0,33.7,27.4,77,2,90
2020,5,28,0,33.8,27,81,1,90
2020,5,29,0,33.2,26.3,79,2,90
2020,5,30,0,33,26.2,77,2,90
2020,5,31,0,34,26.9,78,2,110
2020,6,1,0,33,26.5,78,2,110
2020,6,2,0,33,25.4,74,1,90
2020,6,3,0,33.4,26,79,1,110
2020,6,4,0,33.8,27,79,2,90
2020,6,5,0,33.8,26.5,72,2,110
2020,6,6,0,33.2,25.6,76,2,110
2020,6,7,0,33.1,25,79,2,110
2020,6,8,0,33.5,26.9,77,2,90
2020,6,9,0.4,33,26,78,1,20
2020,6,10,68.8,31.2,23,85,2,250
2020,6,11,18.8,30.4,24.5,89,2,180
2020,6,12,4.8,32,24.6,83,1,160
2020,6,13,0.4,30.4,26.2,88,1,90
2020,6,14,1,32,25.4,84,1,70
2020,6,15,0,32.5,26.4,80,1,90
2020,6,16,0,32,26,79,2,90
2020,6,17,0,34,26.5,76,1,110
2020,6,18,6.2,32,25.4,87,1,110
2020,6,19,0,31.3,25.4,81,1,110
2020,6,20,0,33.5,26.5,81,2,90
2020,6,21,0,32.7,26.5,78,2,90
2020,6,22,0.8,33,25.6,81,2,90
2020,6,23,-1,33,26.5,81,2,90
2020,6,24,11.2,33.6,24.5,79,1,110
2020,6,25,6,32.2,24.5,85,1,110
2020,6,26,0.2,31,26.2,82,2,90
2020,6,27,0.8,32,25.5,80,2,110
2020,6,28,6.8,28.6,24.3,86,1,220
2020,6,29,0,32,25.2,77,1,200
2020,6,30,0,33.5,26,79,1,110
2020,7,1,0,32.4,26,78,2,90
2020,7,2,0,32.8,26.8,78,2,90
2020,7,3,0.2,33.4,25.8,78,2,90
2020,7,4,6.6,31.2,25.2,85,1,180
2020,7,5,1.6,31.5,25.5,85,1,90
2020,7,6,0,33,26.4,80,2,90
2020,7,7,0,32.5,27,78,2,90
2020,7,8,0,33.8,26.6,77,1,90
2020,7,9,0,33,26.5,77,2,90
2020,7,10,0,31.9,26.3,81,1,90
2020,7,11,0,32.3,25.5,81,1,90
2020,7,12,0,32.4,25.8,81,1,110
2020,7,13,-1,33.2,25.3,77,1,200
2020,7,14,0,33.8,26.8,78,2,90
2020,7,15,-1,33.8,26,74,3,90
2020,7,16,0.6,33,26.5,77,2,90
2020,7,17,0,33.5,26.7,75,2,90
2020,7,18,0,33.2,26.5,79,2,90
2020,7,19,0.4,32.8,25.6,78,3,90
2020,7,20,0,33,26,76,1,110
2020,7,21,7.6,29.4,24.6,89,1,90
2020,7,22,0,32.3,27.5,77,1,110
2020,7,23,0,33.8,25.2,74,2,90
2020,7,24,0,33,26,78,1,90
2020,7,25,0,33,26,77,2,90
2020,7,26,0,33,26,78,2,90
2020,7,27,20.8,33.8,24,78,2,90
2020,7,28,1.4,29,25,88,1,250
2020,7,29,3.6,30.8,25.5,84,1,180
2020,7,30,2.4,32.8,26.5,73,2,180
2020,7,31,16.6,32,24.4,79,2,160
2020,8,1,7.4,30.5,23.6,86,1,160
2020,8,2,0,31.5,25.1,84,1,90
2020,8,3,0,33.2,25.5,79,2,110
2020,8,4,3.4,32.7,25.6,81,1,110
2020,8,5,0.4,32,25.7,81,2,70
2020,8,6,1.4,32.2,25.6,83,1,90
2020,8,7,5,31.8,25.2,81,1,220
2020,8,8,32,32.2,24.1,82,2,200
2020,8,9,0,32.5,25.4,77,2,180
2020,8,10,0.6,33,25.6,77,1,90
2020,8,11,-1,32.5,26.6,78,2,90
2020,8,12,5.2,32.2,24.6,80,2,90
2020,8,13,48.6,31.5,24,87,1,360
2020,8,14,7.2,32,25,81,2,340
2020,8,15,3.6,30.8,24,86,1,360
2020,8,16,3.2,31.8,25,87,1,200
2020,8,17,0,32,25.2,82,1,270
2020,8,18,1.4,31.8,24.5,78,1,220
2020,8,19,26.2,29.8,24,89,1,270
2020,8,20,0.2,29,24,88,1,220
2020,8,21,0,33.5,24,78,1,200
2020,8,22,2.6,33,25,87,2,90
2020,8,23,5,32,25,85,1,90
2020,8,24,2.6,32.2,25.5,83,1,220
2020,8,25,0,34,25.5,80,2,220
2020,8,26,0,34,26.5,75,2,250
2020,8,27,0,34,27,72,2,250
2020,8,28,0,33,27,75,2,220
2020,8,29,-1,34,25,76,2,250
2020,8,30,0,33,26.5,74,2,220
2020,8,31,0,32.6,25.7,75,2,220
2020,9,1,0,34,26.5,73,2,200
2020,9,2,1,33,25.5,85,1,110
2020,9,3,0,33.5,26,78,1,90
2020,9,4,0,34,25.7,78,2,340
2020,9,5,-1,33.4,26.3,78,1,20
2020,9,6,0,34.6,26.5,75,1,200
2020,9,7,0,34.1,26.5,75,1,90
2020,9,8,1,34.3,26,76,1,90
2020,9,9,0.2,33.2,26,80,2,110
2020,9,10,14,33.5,24.5,82,1,340
2020,9,11,-1,33.5,25.5,85,1,90
2020,9,12,3.8,32.3,24.5,87,1,320
2020,9,13,0,33.8,26.5,78,1,110
2020,9,14,25.2,33,24.5,89,1,340
2020,9,15,11.2,32.5,24.5,84,2,110
2020,9,16,27.2,30,24.5,83,2,180
2020,9,17,14.6,27.5,24.1,91,1,180
2020,9,18,-1,29.5,24.5,87,1,340
2020,9,19,0,33,25.8,82,1,90
2020,9,20,2,34,26.2,81,1,360
2020,9,21,1.2,31,25.5,87,1,270
2020,9,22,0,32.8,25.5,84,1,250
2020,9,23,90,33,24,84,1,220
2020,9,24,9.2,30.7,24.6,87,1,220
2020,9,25,1,32.5,25,82,1,200
2020,9,26,0.4,32.6,25.5,83,1,90
2020,9,27,2.4,31.4,25,79,1,90
2020,9,28,0,33,25,83,2,90
2020,9,29,0,33.7,25,79,1,250
2020,9,30,0,33.3,25,79,1,360
2020,10,1,-1,34,26,79,1,90
2020,10,2,-1,31,25,82,1,250
2020,10,3,50,33.5,25,84,2,270
2020,10,4,0.2,32,25.2,84,1,20
2020,10,5,-1,32.4,25,87,1,270
2020,10,6,-1,32.8,26,83,1,90
2020,10,7,0.4,31,25,87,2,270
2020,10,8,10,31.6,25,85,1,200
2020,10,9,27,30,24.5,92,1,70
2020,10,10,17,32,24.5,91,1,220
2020,10,11,3.4,31,24.3,82,1,90
2020,10,12,1.6,31.9,25.5,83,1,90
2020,10,13,82.6,32.4,23,82,1,220
2020,10,14,13.8,29.8,23.5,92,1,220
2020,10,15,27.4,30.2,24.1,88,1,90
2020,10,16,0,31,24.5,86,1,90
2020,10,17,-1,33.3,25.4,81,1,360
2020,10,18,0,33,26.8,80,2,340
2020,10,19,6.6,30.3,25.6,87,1,320
2020,10,20,39.6,30,24.7,88,2,200
2020,10,21,9.6,32.3,25.2,81,2,200
2020,10,22,0,32.8,25.4,78,2,200
2020,10,23,11.2,33,24.5,87,1,200
2020,10,24,20.6,29.8,24.8,88,1,250
2020,10,25,72.8,28,24.5,90,3,290
2020,10,26,1.6,32,24.8,80,2,140
2020,10,27,0,31.1,24.8,80,1,90
2020,10,28,1,32.5,24,84,1,360
2020,10,29,0.8,33,26.5,82,2,340
2020,10,30,1.2,30.5,24.8,85,2,340
2020,10,31,39.6,32,25,87,2,270
2020,11,1,14.2,29,24,91,2,220
2020,11,2,-1,32.5,25,81,2,200
2020,11,3,-1,33,25.2,79,1,220
2020,11,4,30.8,30.2,24.5,84,1,340
2020,11,5,0,32,24.5,84,1,360
2020,11,6,1.4,31.4,25.5,82,1,90
2020,11,7,50.2,27.8,23.2,90,2,160
2020,11,8,0,30.4,24,86,1,90
2020,11,9,-1,31.5,25,80,2,320
2020,11,10,9.6,30.9,24.8,81,2,270
2020,11,11,40.6,29,24.5,84,4,200
2020,11,12,0,32.8,25.5,81,2,140
2020,11,13,0,32.5,26,81,1,110
2020,11,14,-1,33,25.9,82,1,70
2020,11,15,3,33.5,25.5,78,2,70
2020,11,16,0,32.4,26,82,1,90
2020,11,17,0,33,26,82,1,70
2020,11,18,0,33,25.6,79,1,110
2020,11,19,1.6,32,25.2,83,1,360
2020,11,20,0.6,32.2,25.6,81,1,90
2020,11,21,1.2,31.5,25,85,1,20
2020,11,22,3.6,33.5,24.8,77,2,20
2020,11,23,2.6,29.4,24.9,81,2,20
2020,11,24,5,29,24.5,85,2,20
2020,11,25,0,32.5,25,75,2,20
2020,11,26,1,32,25.7,81,2,320
2020,11,27,2.6,30.2,24.9,87,1,20
2020,11,28,22.2,33,24.3,85,1,20
2020,11,29,0.4,32,25.5,83,1,70
2020,11,30,3.4,30.5,24.9,82,3,360
2020,12,1,0.2,28,25.2,86,2,320
2020,12,2,0,29.8,25.2,88,1,320
2020,12,3,0,30.8,24.8,89,1,90
2020,12,4,0,32.3,24.6,87,1,360
2020,12,5,-1,32.2,25,83,1,90
2020,12,6,32.8,30,25,90,1,340
2020,12,7,0.4,30.6,25.8,88,2,110
2020,12,8,2.4,32,25,82,2,90
2020,12,9,7.6,29.1,23.6,94,1,360
2020,12,10,0,32,25.4,86,1,90
2020,12,11,-1,32.5,25.6,81,1,90
2020,12,12,3.4,33,25.5,81,1,90
2020,12,13,0,33.5,25.5,83,1,90
2020,12,14,5,31.2,25.5,85,1,70
2020,12,15,20.8,32.7,24.2,82,1,70
2020,12,16,2.6,31.5,24.1,86,1,20
2020,12,17,12.4,32,24.3,82,1,20
2020,12,18,30.4,28.4,23.9,93,2,20
2020,12,19,0,28.5,25,90,1,70
2020,12,20,-1,31,25.1,87,2,90
2020,12,21,-1,32,25.5,85,1,90
2020,12,22,0.2,32,24.5,85,1,90
2020,12,23,0,32.8,24.9,81,1,90
2020,12,24,-1,32.5,25.2,80,1,360
2020,12,25,6.2,32,26,79,2,20
2020,12,26,17.2,28.5,24.8,93,1,70
2020,12,27,1.4,29.5,24.5,91,1,90
2020,12,28,0,29,24.5,91,1,110
2020,12,29,1,31.5,25,83,1,90
2020,12,30,0.2,32,25.2,85,1,40
2020,12,31,117,30.6,23.3,88,2,360
2021,1,1,5.8,27.3,24,91,2,360
2021,1,2,36.2,30.5,24,91,2,340
2021,1,3,20.8,30.4,24.3,89,1,90
2021,1,4,6.8,30.4,23.7,91,1,40
2021,1,5,10,31.4,24.5,82,2,70
2021,1,6,1.6,29,25,86,2,20
2021,1,7,17.6,30,24.5,87,2,360
2021,1,8,34.4,28,23.5,91,2,340
2021,1,9,3.2,28,23.5,89,3,360
2021,1,10,1.2,26.5,23,87,3,20
2021,1,11,0.2,26.5,23,85,3,360
2021,1,12,0,28,23.5,82,3,360
2021,1,13,5.4,28.5,24,83,2,340
2021,1,14,0,28,24,90,2,320
2021,1,15,3.2,31.5,24,84,2,340
2021,1,16,8.2,28,23.5,88,3,360
2021,1,17,3.8,28.5,23.5,89,2,20
2021,1,18,20.6,27.5,23.5,91,1,20
2021,1,19,2.8,26.3,23,94,2,360
2021,1,20,0,29,24.5,91,1,110
2021,1,21,18.2,31,24,91,1,110
2021,1,22,-1,30.2,23.2,89,1,90
2021,1,23,0.2,30,23.5,91,1,360
2021,1,24,0,31.8,24.8,86,1,360
2021,1,25,0,32.5,22.8,84,1,90
2021,1,26,0,32,24.2,81,1,20
2021,1,27,48,31.7,23.8,86,1,340
2021,1,28,8.2,28,23.7,86,2,20
2021,1,29,0,29,23.4,79,2,20
2021,1,30,0.4,28.5,23,78,2,20
2021,1,31,0,30,23,78,2,360
2021,2,1,3.2,30,24,85,2,360
2021,2,2,12.6,29.5,22.8,88,2,20
2021,2,3,16,30.8,23.5,83,2,20
2021,2,4,29.2,29.5,23,92,2,360
2021,2,5,8.6,30.6,24.5,89,1,320
2021,2,6,8.6,30,24,86,2,340
2021,2,7,60.8,28,22.5,96,1,340
2021,2,8,34,26,22.5,95,1,70
2021,2,9,1,29,23.5,89,2,70
2021,2,10,18.8,29,24,92,2,90
2021,2,11,0,29.8,23.5,91,1,90
2021,2,12,0,31,24.5,84,1,360
2021,2,13,1,31.2,23.6,85,1,70
2021,2,14,0,29.9,24.2,85,1,20
2021,2,15,-1,30.5,23.4,84,1,20
2021,2,16,-1,31.9,24.4,73,1,40
2021,2,17,0.6,30,24.2,76,1,20
2021,2,18,-1,31,23.3,71,2,20
2021,2,19,0,29.5,23,69,2,20
2021,2,20,0,27.5,23.5,77,2,360
2021,2,21,38.6,26.5,23.5,89,2,340
2021,2,22,14.6,26,23,94,1,320
2021,2,23,-1,31,24,89,1,90
2021,2,24,0,31.2,23.5,82,1,110
2021,2,25,0,31.2,24.5,80,1,110
2021,2,26,0,32,25.4,82,1,90
2021,2,27,0,33,25.4,83,1,90
2021,2,28,0,33.2,24.8,81,2,90
2021,3,1,-1,32.5,24.4,80,2,90
2021,3,2,0,32.2,24,80,1,110
2021,3,3,-1,32.5,24.8,78,2,70
2021,3,4,9.4,28,24,90,1,110
2021,3,5,0,32,24.5,80,1,70
2021,3,6,0,32.8,23.5,80,1,70
2021,3,7,2.2,32.5,24,77,1,20
2021,3,8,1.2,31.2,24,84,1,40
2021,3,9,0,32.5,24,78,2,20
2021,3,10,16.8,33.5,23.5,73,2,40
2021,3,11,59.8,26.5,22.5,95,2,70
2021,3,12,4.6,29,24,91,2,90
2021,3,13,0.2,31.5,24,85,1,340
2021,3,14,-1,30.4,24,87,1,340
2021,3,15,0,31,24,89,1,90
2021,3,16,-1,32,24.3,89,1,110
2021,3,17,0,33.3,25.5,85,1,90
2021,3,18,2.2,33,25.2,84,2,110
2021,3,19,0,32.9,25.3,81,1,110
2021,3,20,2,32.8,25.5,79,2,90
2021,3,21,0,33.5,25.7,85,2,90
2021,3,22,0,32.8,25.8,82,2,70
2021,3,23,23.4,32,24,89,2,90
2021,3,24,8,30.5,24.5,88,2,90
2021,3,25,0.2,31.5,24.4,85,1,90
2021,3,26,3.4,32,24.5,84,1,90
2021,3,27,0,33,25,82,1,90
2021,3,28,0,32.5,25.5,81,1,90
2021,3,29,0,32,24.5,83,1,110
2021,3,30,0,33,25.5,79,1,360
2021,3,31,0,34,25.4,78,1,90
2021,4,1,0,34,24.8,74,1,70
2021,4,2,-1,33,25.5,79,1,90
2021,4,3,-1,33.5,25,76,2,90
2021,4,4,0,33.5,24.3,80,1,70
2021,4,5,-1,32.8,25.4,77,1,110
2021,4,6,0,33.2,24.5,78,1,40
2021,4,7,0,33.8,24.5,70,1,360
2021,4,8,0,32.5,24.5,73,1,90
2021,4,9,0,32.5,25.2,74,1,40
2021,4,10,-1,33.5,25,72,1,70
2021,4,11,0,33.5,24.7,71,1,360
2021,4,12,0,33,25.6,76,2,340
2021,4,13,0,32.5,25,79,1,360
2021,4,14,0,34,25.6,79,1,340
2021,4,15,25.6,32.5,24.6,85,1,360
2021,4,16,0,33.2,26.2,79,2,340
2021,4,17,-1,33,26.5,75,3,320
2021,4,18,46.6,29,22.5,83,3,270
2021,4,19,16.2,28.2,23.2,85,2,270
2021,4,20,0,31.8,25,73,2,270
2021,4,21,0,33,26,75,2,200
2021,4,22,0,33.5,26,77,2,200
2021,4,23,0,33.8,26.3,77,2,220
2021,4,24,0,33.8,25,75,2,270
2021,4,25,13.8,32.3,24.7,82,1,340
2021,4,26,0,32.5,24,76,1,110
2021,4,27,0,31,24.4,80,1,90
2021,4,28,0,32.8,23.6,79,1,70
2021,4,29,0,32.8,23.5,75,2,240
2021,4,30,0,33,25.5,78,1,90
2021,5,1,0,33.5,25.5,78,2,90
2021,5,2,3.2,34.5,25.6,77,2,110
2021,5,3,23.2,33.5,25,86,2,70
2021,5,4,0,33,26.4,88,2,70
2021,5,5,0.4,34.5,26.4,80,2,70
2021,5,6,0.6,34.5,26,80,2,70
2021,5,7,0,33.2,26.5,80,1,90
2021,5,8,0,32.8,26.5,82,1,20
2021,5,9,0,33,26.5,80,2,110
2021,5,10,0,32.8,26,82,2,110
2021,5,11,13.2,32,24.6,84,1,90
2021,5,12,0,32.2,26,81,2,90
2021,5,13,0,33.2,26.2,82,2,90
2021,5,14,-1,32.8,25.8,83,2,90
2021,5,15,0,34.2,26.2,80,2,90
2021,5,16,0,33.8,26,80,1,70
2021,5,17,-1,33.8,26.6,79,1,70
2021,5,18,0,33,26.3,82,2,90
2021,5,19,0,33,26.2,80,2,110
2021,5,20,17.2,33.2,23.7,80,2,110
2021,5,21,0,31.5,25.3,84,1,360
2021,5,22,0,33.3,25.5,79,1,90
2021,5,23,0,33.7,26.5,78,2,110
2021,5,24,0,34,26,77,2,110
2021,5,25,0,33.5,26.5,80,1,90
2021,5,26,0,34,26,79,1,90
2021,5,27,0,34,27,78,2,90
2021,5,28,0,35,27,77,2,90
2021,5,29,0,34,27,79,2,90
2021,5,30,0,34,26.8,78,1,90
2021,5,31,0,34,26.8,76,1,90
2021,6,1,9.6,32,25,86,3,340
2021,6,2,0.4,29.5,24.8,84,2,180
2021,6,3,0,33,26,79,1,200
2021,6,4,0,33.5,26.5,80,1,180
2021,6,5,8.8,33.5,24.5,83,1,250
2021,6,6,11,32.5,25.5,82,1,270
2021,6,7,1.8,33,24.9,87,1,220
2021,6,8,7,31.8,24.8,85,1,360
2021,6,9,19.2,31.8,24.2,84,1,90
2021,6,10,12.3,31,24.5,87,1,90
2021,6,11,10.4,31.8,24.8,88,1,110
2021,6,12,4.8,30.4,23.5,84,1,110
2021,6,13,-1,32.3,24.3,86,2,110
2021,6,14,0,33,24.9,83,1,90
2021,6,15,0,33.7,26,79,1,90
2021,6,16,0.2,33.3,26,84,1,90
2021,6,17,7.4,33.5,25.5,83,1,90
2021,6,18,1,33.3,26,85,1,200
2021,6,19,0,35,26,74,2,220
2021,6,20,4.8,34.5,24.8,74,2,200
2021,6,21,-1,33.8,25.9,73,2,220
2021,6,22,0,34,25.6,76,2,220
2021,6,23,0,33,25,80,1,360
2021,6,24,0,32,24.2,83,1,90
2021,6,25,-1,33.2,25,84,1,360
2021,6,26,0,34,26,78,1,70
2021,6,27,0,33.5,25.5,81,1,110
2021,6,28,4.4,34,24.5,83,1,90
2021,6,29,0,34.5,25.4,76,1,90
2021,6,30,0,34,26.4,76,1,90
2021,7,1,43.4,34,24,77,1,250
2021,7,2,16.8,33.9,24.1,78,2,200
2021,7,3,23.2,31.2,24.3,86,1,250
2021,7,4,6,33.5,24.6,80,2,180
2021,7,5,0.6,33.3,24.9,77,2,200
2021,7,6,0,33,24.6,82,1,180
2021,7,7,0,33.3,26,77,1,90
2021,7,8,2,33.5,26.2,82,2,90
2021,7,9,0,33.2,26.5,77,2,90
2021,7,10,1,33,26,82,1,90
2021,7,11,0,33.8,26.8,80,1,90
2021,7,12,0,33.5,26.8,80,2,90
2021,7,13,4.4,32.8,25.2,83,2,110
2021,7,14,0,32.7,25,81,2,110
2021,7,15,20.2,32.8,25.5,89,2,90
2021,7,16,0,32.4,26.2,86,2,220
2021,7,17,0,33,26.2,79,2,200
2021,7,18,-1,33,26.5,74,2,220
2021,7,19,19.2,33,25.8,79,2,200
2021,7,20,0.2,32.2,26,74,2,220
2021,7,21,4,33.4,26,76,3,220
2021,7,22,6.4,33,25,68,3,200
2021,7,23,7.4,32.5,25,76,3,220
2021,7,24,4.8,32.5,25,75,2,200
2021,7,25,0,33.7,27,69,3,220
2021,7,26,0,34.5,27.5,69,3,220
2021,7,27,3,33.3,27,78,3,200
2021,7,28,0.4,34.2,27,75,2,200
2021,7,29,0,34,27,75,2,200
2021,7,30,0,34.2,27,72,2,200
2021,7,31,0,33.8,26.8,70,2,220
2021,8,1,0,35.2,27.3,65,3,220
2021,8,2,0,34.4,27.2,68,3,200
2021,8,3,-1,33,26.5,73,2,200
2021,8,4,0,34,27.3,70,2,200
2021,8,5,0,33.5,27,74,2,200
2021,8,6,2,34.5,26.5,72,2,200
2021,8,7,0,34.5,26.5,71,2,220
2021,8,8,0,34.5,25.5,75,2,220
2021,8,9,22.2,31.7,24,85,1,220
2021,8,10,-1,29.5,24.5,84,1,220
2021,8,11,2.2,32.5,24.5,83,1,90
2021,8,12,0,33.5,25.8,83,1,90
2021,8,13,-1,34.5,25.8,77,1,90
2021,8,14,2.8,32.5,24.5,84,1,360
2021,8,15,0,32.5,25.5,80,1,360
2021,8,16,0,34,26.8,75,1,90
2021,8,17,0,33.2,26.5,78,2,110
2021,8,18,11.8,33.6,25,85,1,270
2021,8,19,24.2,33,24.2,80,1,340
2021,8,20,8,33,24.5,91,1,90
2021,8,21,0,32.5,24.6,80,1,110
2021,8,22,2,32.5,24,82,1,90
2021,8,23,26,33,23.5,83,1,200
2021,8,24,5.6,31,24.5,85,1,270
2021,8,25,0.4,32,24.8,83,1,90
2021,8,26,4.6,32.2,24.5,83,1,90
2021,8,27,0,33.8,25.7,81,1,90
2021,8,28,0,33.2,25,81,2,90
2021,8,29,0.6,33.2,25.2,82,1,90
2021,8,30,0,33.2,25.5,81,1,90
2021,8,31,62.2,33,23.5,80,1,90
2021,9,1,8.4,28.8,24,91,1,90
2021,9,2,5,32,24.6,84,1,360
2021,9,3,6,31,25,86,1,360
2021,9,4,35.6,32,23.8,92,1,290
2021,9,5,0.8,32.8,25.5,83,1,220
2021,9,6,47.4,32.5,23.8,87,2,340
2021,9,7,95.6,28.8,23.8,94,4,110
2021,9,8,0.6,31.5,25.2,84,3,180
2021,9,9,-1,32.8,26,78,2,200
2021,9,10,23.2,32,24.8,84,2,200
2021,9,11,0,33.4,25.5,81,1,200
2021,9,12,0.2,33.8,25.2,77,2,180
2021,9,13,0,33,25.2,81,1,200
2021,9,14,0,33.3,25.4,79,2,90
2021,9,15,0.6,33.4,25.5,77,2,110
2021,9,16,5.8,32,24.2,85,1,110
2021,9,17,0,32.8,24.8,81,2,90
2021,9,18,29,33.8,24.3,78,1,90
2021,9,19,5.4,29.9,24.4,87,1,340
2021,9,20,11.6,32,24.5,87,1,90
2021,9,21,8.6,31.2,24,94,1,140
2021,9,22,0,32.5,24.5,85,1,90
2021,9,23,0,33.1,26.4,79,2,90
2021,9,24,14,34.8,25.3,77,1,360
2021,9,25,0.4,34,25.5,81,1,360
2021,9,26,0,34.5,26,79,1,360
2021,9,27,6.2,33.2,25.5,83,1,270
2021,9,28,11.8,31,26,84,2,250
2021,9,29,2.8,32.5,25.5,84,1,220
2021,9,30,0.8,33,25.5,81,1,200
2021,10,1,14.2,32.2,24.8,88,1,360
2021,10,2,7.2,33.2,25.9,88,1,360
2021,10,3,58.6,33.5,23.5,83,1,70
2021,10,4,2.4,29.5,25,91,1,70
2021,10,5,2,31.8,24.8,83,2,180
2021,10,6,0,32.2,25.6,76,1,250
2021,10,7,0,33.6,26.6,78,2,320
2021,10,8,5.4,29.8,25.5,86,1,250
2021,10,9,-1,30.8,26.3,79,2,250
2021,10,10,0,32.5,26.3,76,3,250
2021,10,11,0.4,33.5,26.8,76,3,200
2021,10,12,6.8,32.2,24.4,80,4,180
2021,10,13,1.2,32.3,24.5,78,2,200
2021,10,14,12,30,24,89,1,340
2021,10,15,41.4,32.2,24.5,84,1,90
2021,10,16,2.4,32,25,87,1,360
2021,10,17,0,33.2,26.2,81,1,70
2021,10,18,0,33.8,26.3,81,1,90
2021,10,19,0.6,31,25.6,85,1,340
2021,10,20,-1,32,24.4,86,1,360
2021,10,21,1,32.8,26,82,2,340
2021,10,22,11,33.5,25,77,2,20
2021,10,23,-1,31,25.5,87,1,40
2021,10,24,-1,32,25.5,85,1,90
2021,10,25,2.4,32.2,25,86,1,90
2021,10,26,0.4,32.5,25.5,81,1,340
2021,10,27,8.2,30.4,24.5,89,1,20
2021,10,28,2.8,33.2,24.2,82,2,90
2021,10,29,44.2,30.5,24,89,1,90
2021,10,30,0,33,25.5,82,1,40
2021,10,31,0,33,25,76,1,40
2021,11,1,0,34,25.2,74,1,20
2021,11,2,9.3,33.8,25.1,78,2,20
2021,11,3,17.6,28,25.2,93,1,340
2021,11,4,22.4,31,23.4,89,1,320
2021,11,5,0,32,25,85,2,90
2021,11,6,4.2,33,25.8,83,1,110
2021,11,7,0,31,26,89,1,70
2021,11,8,-1,33.6,26,82,2,90
2021,11,9,21.5,33,25,85,1,40
2021,11,10,8.2,31.5,24,86,1,70
2021,11,11,4.4,28.1,24.6,92,1,360
2021,11,12,6,32.9,25,85,1,90
2021,11,13,0,33.5,25.5,85,1,70
2021,11,14,16,32.5,25,85,1,340
2021,11,15,18.2,33.3,25.1,87,1,70
2021,11,16,3.6,33.3,25.4,84,1,90
2021,11,17,0,34,25.2,81,1,70
2021,11,18,0,31.2,25,80,2,320
2021,11,19,1.6,31.9,24.9,84,2,340
2021,11,20,0,32,25.2,85,1,90
2021,11,21,0,33.5,26,83,1,90
2021,11,22,0,33.3,25.5,82,1,90
2021,11,23,0.4,34.3,26,78,2,70
2021,11,24,3.2,33,24.6,83,1,40
2021,11,25,0.4,33,25.5,84,1,110
2021,11,26,2.2,33.3,25,83,2,90
2021,11,27,0,34,25.6,80,2,90
2021,11,28,0,33.6,25.4,79,2,90
2021,11,29,-1,33,25.2,83,1,90
2021,11,30,0,33.8,25.2,81,1,90
2021,12,1,63.6,32,24,87,3,340
2021,12,2,0.8,29.7,24.5,84,2,360
2021,12,3,0,31.5,24,75,2,20
2021,12,4,-1,31.9,24.4,74,1,20
2021,12,5,0,32,24.2,76,2,20
2021,12,6,0,31.2,24.5,74,2,340
2021,12,7,7.4,31.1,24.5,80,2,340
2021,12,8,5.4,27.5,24.5,83,2,360
2021,12,9,0,29,24.5,79,2,360
2021,12,10,6.2,33,24.8,84,2,360
2021,12,11,24,30,24.5,90,2,340
2021,12,12,11.6,29,24,93,1,40
2021,12,13,3.6,31.5,24,86,2,70
2021,12,14,1,31.5,24,80,2,20
2021,12,15,4.6,31.2,24.5,84,2,360
2021,12,16,15.6,30,25,91,3,360
2021,12,17,0,32.5,25.4,87,2,90
2021,12,18,0,32.8,25.5,84,1,90
2021,12,19,-1,32.8,24.9,83,1,90
2021,12,20,0.2,32.6,24.8,80,1,360
2021,12,21,0,32,24.6,82,1,90
2021,12,22,0,31,22.6,87,1,110
2021,12,23,0,33,24.6,79,1,20
2021,12,24,2,33,24.4,81,2,340
2021,12,25,0.4,33.8,25,81,1,70
2021,12,26,9.2,32.5,24,86,2,70
2021,12,27,153.2,27,22.1,95,1,20
2021,12,28,0.2,29,23.5,83,2,40
2021,12,29,0,29,23.9,84,1,20
2021,12,30,0.4,32.8,24.1,76,2,20
2021,12,31,0,28.8,24,73,2,20
2022,1,1,0,28.9,24,72,2,40
2022,1,2,1.4,27.4,23.5,82,1,20
2022,1,3,0.2,28.8,23.4,82,1,20
2022,1,4,0,31.5,23,77,1,20
2022,1,5,0.8,29.5,22.8,82,1,70
2022,1,6,0,31.8,22.8,75,1,90
2022,1,7,1.2,29.8,24,87,2,340
2022,1,8,5.2,31.2,24,86,1,360
2022,1,9,0,31.5,23.2,86,1,110
2022,1,10,0,32,23.4,82,1,360
2022,1,11,0,32.2,23.5,79,2,340
2022,1,12,-1,33.2,24,74,1,40
2022,1,13,0,32.2,23,73,1,40
2022,1,14,0,31.9,22.5,68,1,20
2022,1,15,-1,31.8,23.5,77,1,20
2022,1,16,0,32.8,24,72,2,40
2022,1,17,0,32.5,23.2,75,1,20
2022,1,18,5.4,32.5,24,74,2,20
2022,1,19,1.4,29.8,24,88,1,70
2022,1,20,0,32,24,84,1,90
2022,1,21,0,32.5,23.8,81,1,90
2022,1,22,0,32.5,24.8,82,1,70
2022,1,23,0,33,25,79,2,90
2022,1,24,4.4,29.8,25,87,2,360
2022,1,25,22.8,28,24,91,1,70
2022,1,26,0,29.5,25,89,2,90
2022,1,27,0,32.5,24,85,2,90
2022,1,28,0,32,24.5,84,1,90
2022,1,29,0,32,24,85,1,90
2022,1,30,0,32.5,24,83,1,340
2022,1,31,0,33.1,25.5,84,2,20
2022,2,1,4.8,30.5,24.5,86,1,20
2022,2,2,5.2,30.7,24.5,87,1,70
2022,2,3,5.2,30.5,24,86,2,70
2022,2,4,9,29.5,22.5,92,1,40
2022,2,5,0,31.5,24.5,81,1,20
2022,2,6,0.8,31.5,24.5,79,1,70
2022,2,7,5.2,32.8,24.5,84,2,90
2022,2,8,5.4,30.5,24,88,2,90
2022,2,9,0,32.5,23.5,78,1,20
2022,2,10,0,32,24.5,76,1,20
2022,2,11,6,30.8,24,84,2,20
2022,2,12,3.6,28,24,89,1,70
2022,2,13,1.2,31,24.5,87,2,90
2022,2,14,0,32.5,24.5,81,2,90
2022,2,15,0,32.5,23,77,1,20
2022,2,16,0,32,24,81,2,320
2022,2,17,-1,32,24.4,78,2,90
2022,2,18,0,32.5,24.4,80,1,90
2022,2,19,11.2,31.5,24,87,1,90
2022,2,20,8.6,32.6,24,82,1,70
2022,2,21,12.8,30.4,24.4,88,1,360
2022,2,22,85.6,27,23,96,2,90
2022,2,23,3.8,27.5,22,94,1,90
2022,2,24,8,32,24.4,84,1,20
2022,2,25,1.8,31.5,23.8,84,1,40
2022,2,26,0.2,32,24,80,2,70
2022,2,27,-1,32.8,24.5,78,1,90
2022,2,28,1.2,31.7,24.5,79,2,40
2022,3,1,9.6,29,24,89,1,20
2022,3,2,5,32.5,24.5,84,1,70
2022,3,3,3.2,29.2,24,88,1,70
2022,3,4,2.8,32.2,25,84,1,360
2022,3,5,1.2,32,24.5,83,1,340
2022,3,6,21.4,26,24,93,1,360
2022,3,7,0.8,27.5,24,93,2,320
2022,3,8,2,30,24.5,86,2,20
2022,3,9,17.6,29,23.5,88,1,20
2022,3,10,4.6,28,23.2,93,1,90
2022,3,11,1.6,32,24.5,86,1,90
2022,3,12,0,32,24.7,85,1,90
2022,3,13,0,31.5,24.5,87,1,90
2022,3,14,0,32,25.2,86,2,110
2022,3,15,0,32.6,26,83,2,90
2022,3,16,0,32.8,25.5,83,2,90
2022,3,17,0,32.8,24.7,80,2,110
2022,3,18,0,32.6,26,81,1,90
2022,3,19,0,32.5,26,81,2,90
2022,3,20,0,33.5,25.5,81,1,90
2022,3,21,6.4,32.2,24.8,85,1,40
2022,3,22,0,33,26,83,2,90
2022,3,23,0,33,25.5,84,2,110
2022,3,24,0.2,33.4,25.4,81,1,70
2022,3,25,3,32.6,25,85,1,90
2022,3,26,0,33.5,25.2,79,2,90
2022,3,27,2,33.8,25.2,78,1,90
2022,3,28,0.6,32.6,25.5,87,1,90
2022,3,29,0,33,25.8,81,2,90
2022,3,30,0,33.2,25.5,79,1,110
2022,3,31,0,33.5,25.4,79,2,90
2022,4,1,0.4,33.5,24.5,77,1,20
2022,4,2,34.4,34.5,23.5,78,1,40
2022,4,3,-1,33.2,25,77,1,90
2022,4,4,10.2,32.5,25,81,1,360
2022,4,5,75.8,28.5,24.5,94,1,90
2022,4,6,16.4,31.8,24.2,87,1,20
2022,4,7,0.8,29.4,24.2,89,1,40
2022,4,8,8,30.8,24,88,1,360
2022,4,9,14.8,28.2,24.5,89,1,320
2022,4,10,99.8,26.5,24,94,2,320
2022,4,11,77,28,24,94,2,320
2022,4,12,39.2,28,23,95,2,320
2022,4,13,0,30,25.5,84,2,250
2022,4,14,0.6,32,24,84,1,360
2022,4,15,0,32,25,82,2,90
2022,4,16,0,31.5,24.5,78,1,110
2022,4,17,0,32,25.5,78,1,110
2022,4,18,0,33.5,24,80,1,70
2022,4,19,0,33.7,25.5,76,1,90
2022,4,20,0,33.5,25.5,79,1,90
2022,4,21,0,33.5,26,80,2,90
2022,4,22,0,35,26,76,2,90
2022,4,23,0,33.3,26,76,1,110
2022,4,24,4.8,33.5,25.5,81,1,90
2022,4,25,0,33,26,81,2,90
2022,4,26,1.2,33.6,25,81,2,70
2022,4,27,0,33,25.5,82,2,70
2022,4,28,0,34,26,78,2,90
2022,4,29,-1,34,25.2,79,2,90
2022,4,30,0,34.5,25.2,79,2,90
2022,5,1,0,34.2,25.2,74,2,90
2022,5,2,0,34.2,25.8,74,2,90
2022,5,3,0,33.8,25.8,75,2,90
2022,5,4,0,33.6,25.8,76,2,90
2022,5,5,0,34.5,26.2,76,2,90
2022,5,6,-1,34.5,25.5,76,2,90
2022,5,7,0,34,25.7,77,2,90
2022,5,8,0,35.2,25.7,76,2,90
2022,5,9,0,34.7,26,74,2,90
2022,5,10,0,33.2,26.5,76,2,110
2022,5,11,0,34,26.5,76,2,90
2022,5,12,3,34.2,26,76,2,90
2022,5,13,0,33.5,26.5,79,2,90
2022,5,14,0,33.5,26,85,2,90
2022,5,15,12.6,30,25,87,1,110
2022,5,16,8.6,33.7,25,87,2,90
2022,5,17,0,33.6,26.5,79,2,90
2022,5,18,5.6,34,25.5,87,2,90
2022,5,19,0,33.7,26.5,78,2,90
2022,5,20,0,33.5,25.5,80,2,90
2022,5,21,0,33.5,25.5,77,1,180
2022,5,22,0,32,25.2,82,1,200
2022,5,23,6.2,32.8,25.6,81,1,90
2022,5,24,4.4,34,26.6,78,1,90
2022,5,25,5.8,34.5,26.4,78,2,90
2022,5,26,0,34.5,27,76,2,90
2022,5,27,8.2,33.8,24.8,81,1,200
2022,5,28,13.6,32.8,24.8,81,1,200
2022,5,29,-1,33.8,24.8,77,1,90
2022,5,30,0.8,33,25.5,84,2,110
2022,5,31,6.2,33,25.4,89,1,70
2022,6,1,0,34.5,26,74,2,90
2022,6,2,10.2,33.2,25,85,1,360
2022,6,3,0,33.5,26,82,1,90
2022,6,4,0,34.8,26.5,74,1,90
2022,6,5,0,31.8,24.5,83,1,110
2022,6,6,0.4,33.5,25.4,80,1,90
2022,6,7,1,33.5,26,76,1,360
2022,6,8,0,34.2,26,79,1,90
2022,6,9,0,34.6,25.6,77,2,90
2022,6,10,3.8,34.8,25,75,2,90
2022,6,11,9.2,29,24.5,87,1,110
2022,6,12,0,33,26.3,80,1,90
2022,6,13,0,33.5,26.5,76,1,90
2022,6,14,24.6,33.5,24,75,1,90
2022,6,15,-1,33,26,81,1,90
2022,6,16,0,33,26.7,74,2,90
2022,6,17,0,33.5,27,78,1,90
2022,6,18,0,34,27,78,1,90
2022,6,19,0,33.5,27,78,1,90
2022,6,20,1,34.2,25,78,2,90
2022,6,21,0.2,33,25.5,81,1,220
2022,6,22,16,34,25,88,1,360
2022,6,23,0,33.5,26.5,81,1,90
2022,6,24,0,33.5,27,80,1,90
2022,6,25,-1,33.5,26.4,78,1,20
2022,6,26,4.6,34.5,25,79,2,90
2022,6,27,3,31,25,89,1,90
2022,6,28,0.6,30.8,25.5,84,1,140
2022,6,29,8.8,32.5,24.5,83,1,200
2022,6,30,6.8,33.5,25,80,1,180
2022,7,1,0,33,25,74,2,200
2022,7,2,0,33,25.5,85,1,110
2022,7,3,2,34.5,25.2,80,1,90
2022,7,4,0.2,31.5,25.1,87,1,90
2022,7,5,28,34.8,24.8,82,1,360
2022,7,6,0.6,33.8,25.5,78,1,360
2022,7,7,1.8,32.1,25.2,83,1,90
2022,7,8,37,30,25,91,1,360
2022,7,9,0,32.7,26,78,1,160
2022,7,10,25.4,32,25,84,1,160
2022,7,11,8.8,30.5,25.1,82,1,180
2022,7,12,-1,31.5,25,86,1,250
2022,7,13,0.7,33,25.3,86,1,200
2022,7,14,0.2,32.9,25.6,84,1,140
2022,7,15,0,34.5,25.5,80,1,110
2022,7,16,0,35.1,26.4,78,1,220
2022,7,17,11,34,24.9,81,1,360
2022,7,18,-1,33,24.5,81,1,220
2022,7,19,0,34.5,26.7,78,2,90
2022,7,20,0.4,34.6,25.6,78,1,90
2022,7,21,7.2,29.9,25.4,89,1,90
2022,7,22,-1,34,26.5,82,1,90
2022,7,23,0,34.5,26,74,1,90
2022,7,24,24.4,34,24.5,80,1,90
2022,7,25,-1,32.5,25.5,81,1,200
2022,7,26,0,32.5,25.8,83,1,90
2022,7,27,-1,33.8,27,75,2,220
2022,7,28,-1,34.4,26,73,2,220
2022,7,29,10,31.5,24.5,83,1,200
2022,7,30,7.4,31,24.8,87,1,140
2022,7,31,-1,34,25,77,1,200
2022,8,1,3.2,32.5,25,87,1,270
2022,8,2,0,33.5,25.5,78,1,90
2022,8,3,6.4,33.8,25,77,1,110
2022,8,4,76.4,31.2,23.5,91,1,90
2022,8,5,21,30,24.5,90,1,250
2022,8,6,5.8,32.5,24.5,82,1,200
2022,8,7,5.2,30,24.5,86,1,160
2022,8,8,0.4,32.5,24.5,86,1,360
2022,8,9,0,33.2,25,81,1,290
2022,8,10,27.8,32,24,85,1,270
2022,8,11,2.2,32.7,25,85,1,220
2022,8,12,1.6,33,25,81,1,220
2022,8,13,-1,33.5,24.5,83,1,200
2022,8,14,21.2,31,24.5,86,2,200
2022,8,15,0,32,25.3,79,2,200
2022,8,16,0,33,26,73,2,200
2022,8,17,-1,31.5,25,78,1,220
2022,8,18,1.6,31,25,87,1,200
2022,8,19,0.6,30,25,86,1,90
2022,8,20,0,33,25.2,78,1,110
2022,8,21,8.1,31,25,83,1,270
2022,8,22,27.8,29,23.2,80,3,220
2022,8,23,0,32,25.5,78,3,200
2022,8,24,0.8,33,25,81,1,180
2022,8,25,0,32,26,79,1,110
2022,8,26,1.6,32,25,79,1,20
2022,8,27,0,32,25.5,83,2,360
2022,8,28,19.4,33.2,25.4,88,1,360
2022,8,29,0,34.2,25.5,79,1,90
2022,8,30,0,34,25.5,79,1,250
2022,8,31,0,34,26.5,81,2,180
2022,9,1,0,34.5,27,73,2,220
2022,9,2,0.4,33.2,27,75,3,200
2022,9,3,0.4,33.5,26,79,2,200
2022,9,4,0,33.3,26,77,2,200
2022,9,5,3.2,33.2,26,85,1,250
2022,9,6,38,32.6,24.3,84,1,200
2022,9,7,0,33.6,26.2,81,1,90
2022,9,8,3,34.8,25.5,80,2,200
2022,9,9,1.4,31.5,25,85,1,200
2022,9,10,0,33.5,25.6,79,2,270
2022,9,11,0,34.5,26.5,72,2,220
2022,9,12,0,34.5,27,71,2,220
2022,9,13,0,34.5,27,72,2,220
2022,9,14,0,35,26.5,71,2,220
2022,9,15,2.6,33.5,25,72,2,220
2022,9,16,0,33,26.5,74,3,200
2022,9,17,1.6,33.5,26,74,2,200
2022,9,18,0.8,33.5,26.7,74,2,220
2022,9,19,4.6,34,25,79,2,220
2022,9,20,0,32,25.5,81,1,220
2022,9,21,1.8,34,25,84,1,220
2022,9,22,-1,34,25.5,79,2,270
2022,9,23,2.2,31,25,82,2,220
2022,9,24,6,33,25,80,2,340
2022,9,25,2,32,25.7,79,2,180
2022,9,26,0,31,26,77,2,180
2022,9,27,43.2,33,24,77,2,200
2022,9,28,22.4,31.5,24.7,89,1,290
2022,9,29,3.4,32.2,24.2,82,1,360
2022,9,30,-1,33,25,82,1,90
2022,10,1,5.2,33.6,25.5,79,1,90
2022,10,2,2.4,33.6,25.5,87,1,70
2022,10,3,2.6,33.7,25,83,1,90
2022,10,4,0,33.5,26,78,1,90
2022,10,5,0,33.7,26,81,1,110
2022,10,6,-1,35,26,84,2,110
2022,10,7,1.8,32.5,25.7,85,1,40
2022,10,8,0,34.6,26,76,1,110
2022,10,9,0,35,26.2,76,1,340
2022,10,10,0,33.7,26.2,73,2,340
2022,10,11,0,34.5,27.5,70,2,220
2022,10,12,0,34.5,25.5,74,2,220
2022,10,13,21.4,32.5,24.5,82,1,360
2022,10,14,0.2,30.8,25.7,79,2,290
2022,10,15,0.4,33,27,73,3,220
2022,10,16,1,33,25,77,2,220
2022,10,17,9,32.5,25.5,84,2,360
2022,10,18,0,32.5,25.5,83,1,200
2022,10,19,17.8,30.2,25.5,93,1,110
2022,10,20,2.2,30,25.5,94,1,360
2022,10,21,0,32.6,26.7,83,1,90
2022,10,22,4.8,33,26.2,78,2,110
2022,10,23,0,32.6,27,80,1,20
2022,10,24,0,32.6,26.5,79,1,90
2022,10,25,3.4,32.6,26.8,77,2,340
2022,10,26,58.2,29,25.5,89,2,340
2022,10,27,31,31,25.7,86,2,340
2022,10,28,77.6,28.5,25,93,3,200
2022,10,29,25.6,29,25.5,84,4,180
2022,10,30,11.8,33,25.6,82,2,180
2022,10,31,4.4,32.8,25.3,72,1,180
2022,11,1,21.4,33.2,24.8,75,2,180
2022,11,2,1.4,31,24.5,88,1,90
2022,11,3,2.8,32.2,24.5,81,2,110
2022,11,4,7,31,25.5,85,1,20
2022,11,5,0,33.2,25.5,79,1,90
2022,11,6,0,33,26.6,80,2,90
2022,11,7,0.8,32.6,26.5,81,1,70
2022,11,8,0,31.4,26,85,1,70
2022,11,9,-1,34,26.5,84,1,70
2022,11,10,1.4,35.2,25.8,78,1,70
2022,11,11,1,34,26.5,82,1,90
2022,11,12,0,34.5,26.2,78,1,90
2022,11,13,0.5,33,26.2,81,1,90
2022,11,14,12.4,35,26,77,1,70
2022,11,15,60.8,31,25.2,88,1,90
2022,11,16,0,33,26.8,83,1,70
2022,11,17,2.4,32,25.8,85,1,70
2022,11,18,1.6,28.5,25.5,88,1,90
2022,11,19,5,30,25,90,1,90
2022,11,20,0,31.2,26,85,1,90
2022,11,21,0,33,26,81,2,90
2022,11,22,0,33.2,26,81,2,90
2022,11,23,0,32,26.6,79,2,110
2022,11,24,0,32.2,26.5,82,2,90
2022,11,25,0,33,26.2,79,2,90
2022,11,26,0,32.6,26,78,2,110
2022,11,27,-1,33,26.5,75,1,90
2022,11,28,1.8,30,26.2,86,1,340
2022,11,29,0,34,25.8,78,2,70
2022,11,30,0,34,26.5,74,1,70
2022,12,1,3.8,34.4,25.5,77,2,70
2022,12,2,22,33,25.2,82,1,40
2022,12,3,0,30,25.6,87,1,70
2022,12,4,6.2,30,25,86,2,340
2022,12,5,-1,30.8,25,85,1,90
2022,12,6,0,32.4,25,78,1,70
2022,12,7,0,31.9,23.8,76,2,70
2022,12,8,2.6,31,25.5,80,1,320
2022,12,9,9.2,29,25,89,1,340
2022,12,10,2.6,28.4,24.5,90,1,250
2022,12,11,1,31.2,24.8,87,1,250
2022,12,12,0,30,24.5,86,1,110
2022,12,13,0,32,25,84,1,110
2022,12,14,0,33,25.8,81,1,90
2022,12,15,1.8,34,26.4,81,1,90
2022,12,16,0,34.2,25.6,77,1,70
2022,12,17,0.6,34.5,26.5,77,1,360
2022,12,18,55.2,28.8,23.7,86,2,20
2022,12,19,4,29.2,24.7,86,1,20
2022,12,20,9.6,28.6,24.6,92,2,70
2022,12,21,0.2,31.2,24.8,85,1,340
2022,12,22,22.8,30.2,24,84,2,320
2022,12,23,2.8,27,23.7,92,2,360
2022,12,24,0,27,24,82,2,20
2022,12,25,0,27.2,24,79,2,20
2022,12,26,0,29,24.2,75,2,20
2022,12,27,0,30,24.5,76,2,20
2022,12,28,54,26.5,23,94,2,360
2022,12,29,0.8,29,25,94,2,320
2022,12,30,0,32,26,83,2,90
2022,12,31,9.8,31,25.1,85,1,340
2023,1,1,5.8,32,25.2,85,1,70
2023,1,2,9,32,23.5,85,1,70
2023,1,3,55.2,27,23.9,93,1,70
2023,1,4,33.2,27,23.9,94,2,90
2023,1,5,5,29.6,24,89,2,70
2023,1,6,12.6,29.8,24.5,91,2,90
2023,1,7,1.8,30,23.5,83,1,20
2023,1,8,27,29,23.5,83,1,20
2023,1,9,62.2,26,23.6,96,2,340
2023,1,10,21.8,25.6,23.7,93,2,340
2023,1,11,8,26,24.1,90,2,340
2023,1,12,19.8,27.2,23.8,88,2,360
2023,1,13,38.2,26.8,23.5,95,1,40
2023,1,14,1.2,28,24,89,1,40
2023,1,15,0,30.2,24.8,89,1,110
2023,1,16,0,31,25.5,87,1,340
2023,1,17,0.6,29.4,24.5,90,2,340
2023,1,18,3,28.4,24.8,88,1,360
2023,1,19,23.2,30.4,23.5,91,1,360
2023,1,20,11,32.1,24.5,86,1,40
2023,1,21,83.8,28.2,23,94,2,20
2023,1,22,4.2,30.4,24,88,2,90
2023,1,23,1.8,30,24.8,87,1,20
2023,1,24,3,31.8,24,79,2,20
2023,1,25,21.4,25.3,23,92,2,40
2023,1,26,70.2,25.8,24,95,1,20
2023,1,27,9,28.8,24,91,2,340
2023,1,28,25.2,25.2,23.5,95,2,20
2023,1,29,11,29.2,23.5,89,2,20
2023,1,30,19.2,25.8,23.8,95,1,20
2023,1,31,20,29.3,24.3,91,2,70
2023,2,1,0,32,25,90,1,90
2023,2,2,5.8,32.4,24.3,84,1,40
2023,2,3,0.6,31.6,24.5,78,2,20
2023,2,4,15.2,28.2,24.5,88,2,360
2023,2,5,2.6,30,23.6,90,1,360
2023,2,6,0,32,24.2,85,1,20
2023,2,7,0,30.5,24,83,1,110
2023,2,8,0.6,32,24,79,1,20
2023,2,9,22.6,31.8,24.5,84,1,40
2023,2,10,4.8,32.2,24.5,83,1,40
2023,2,11,0.6,30.5,23.7,84,1,20
2023,2,12,0,33,23.6,79,1,70
2023,2,13,23.6,29.8,23.7,82,2,320
2023,2,14,6.8,28,24,88,2,360
2023,2,15,23,28,23,90,2,20
2023,2,16,5.8,28.4,23.2,85,2,20
2023,2,17,4,29.2,24.2,84,2,20
2023,2,18,50.6,25.2,23.5,96,2,340
2023,2,19,23.8,27.5,24,94,2,320
2023,2,20,0,30.2,25.2,88,2,340
2023,2,21,0,30.2,24.5,79,2,340
2023,2,22,0,30.4,23.8,80,1,320
2023,2,23,0,31.2,24.4,81,1,90
2023,2,24,6.2,31.8,25.2,85,1,360
2023,2,25,0,31.3,25.3,82,2,20
2023,2,26,1.6,32.8,25,80,2,20
2023,2,27,26.6,28,23.5,87,2,20
2023,2,28,47.2,28.2,24.4,93,1,20
2023,3,1,13.6,26.4,23.5,94,1,70
2023,3,2,0.8,30.6,23,76,2,20
2023,3,3,7.8,27.2,23,87,2,20
2023,3,4,0,30.2,24,80,2,360
2023,3,5,0,30.5,24.5,73,4,360
2023,3,6,0,31,24.5,76,3,340
2023,3,7,0.4,31.8,24,79,2,20
2023,3,8,0,31,24,75,2,20
2023,3,9,0,32,23.2,76,1,360
2023,3,10,0,31.4,23.4,71,2,360
2023,3,11,0,31.4,24,65,2,340
2023,3,12,0,31.4,23.8,72,2,340
2023,3,13,0,31.2,23.7,74,2,360
2023,3,14,0,31,25.2,73,2,360
2023,3,15,3.8,30.8,24.5,83,2,340
2023,3,16,0,31,24.5,81,1,360
2023,3,17,4.2,30.2,24,82,1,340
2023,3,18,0.2,31.4,24,83,2,20
2023,3,19,0,31.4,23.5,79,1,40
2023,3,20,0,31,22.7,76,1,110
2023,3,21,0,31,24,75,1,90
2023,3,22,0,32,24.5,74,2,90
2023,3,23,0,32.4,25.8,78,2,90
2023,3,24,0,33,26,79,2,90
2023,3,25,0.6,33,26,77,2,90
2023,3,26,0,32.8,25.5,76,1,90
2023,3,27,0,33,25,75,1,90
2023,3,28,0,33.2,25.8,74,2,20
2023,3,29,-1,32.4,26,77,1,360
2023,3,30,0,32,25.8,75,1,90
2023,3,31,0,33.2,25.4,75,1,90
2023,4,1,0,33.2,25,75,1,110
2023,4,2,0,33.8,25.5,74,2,90
2023,4,3,0,33,25.8,76,2,90
2023,4,4,0,34,24,74,2,20
2023,4,5,0,33,25,68,2,360
2023,4,6,0.8,30.2,24.8,78,2,320
2023,4,7,-1,32,26.2,73,2,340
2023,4,8,1.6,29.5,25.2,85,1,340
2023,4,9,0,31.5,25.4,76,2,20
2023,4,10,0,33,25.8,72,2,20
2023,4,11,12.4,29.2,23.3,78,2,320
2023,4,12,2.6,28.4,24.3,84,2,250
2023,4,13,0,31.2,24.5,84,1,90
2023,4,14,2.6,31.8,24.5,86,1,90
2023,4,15,0,32.5,25.2,83,1,90
2023,4,16,0.2,32.2,25,84,1,90
2023,4,17,0,32.6,25.8,85,1,90
2023,4,18,0,33.3,26,77,2,90
2023,4,19,0,33.6,26.5,78,2,90
2023,4,20,0,33,25.5,81,2,90
2023,4,21,0,33.4,26,80,2,90
2023,4,22,0,33.2,26.8,76,2,90
2023,4,23,0,34,26.6,75,2,90
2023,4,24,0,32,25.2,77,2,110
2023,4,25,0,32.6,25.2,74,1,110
2023,4,26,0,33,26.2,76,2,110
2023,4,27,-1,33.6,26.4,73,2,90
2023,4,28,1.2,32.8,27.2,78,1,90
2023,4,29,0,33.4,27,82,1,70
2023,4,30,0,33.8,27.4,78,2,90
2023,5,1,0,34.2,27.4,76,1,70
2023,5,2,10.4,32.4,26.4,82,2,40
2023,5,3,11,31,25.5,89,1,70
2023,5,4,0,32,26.3,81,2,90
2023,5,5,0,33,26.6,77,2,90
2023,5,6,0,33,25.8,78,2,110
2023,5,7,0,33.2,26,81,1,90
2023,5,8,0,33.6,26,76,2,90
2023,5,9,0,32.8,26.2,77,1,90
2023,5,10,2,34,26,78,1,110
2023,5,11,-1,31,25.2,85,1,110
2023,5,12,0,34.2,25.8,76,2,110
2023,5,13,0,33.2,25.5,74,2,110
2023,5,14,0,34,25.8,75,1,90
2023,5,15,0.8,33.2,26.2,82,1,90
2023,5,16,1.4,35,26.5,82,1,360
2023,5,17,0,33.8,26.5,80,1,180
2023,5,18,0,34.6,27,79,1,180
2023,5,19,0,35.2,26.8,72,1,90
2023,5,20,0.8,32.8,26.8,74,1,250
2023,5,21,0,34.2,26.6,76,1,90
2023,5,22,0,33.6,26.5,77,1,90
2023,5,23,0,35.2,27,79,1,360
2023,5,24,27.6,33.8,24.5,83,1,90
2023,5,25,11.8,34.2,25.5,82,1,40
2023,5,26,24.4,33.2,25.6,82,1,320
2023,5,27,0.6,31.2,26.2,81,2,290
2023,5,28,0.6,33,28.7,74,3,220
2023,5,29,2,33.2,28,73,3,220
2023,5,30,-1,32.4,28.3,73,4,200
2023,5,31,10,31,26.5,80,3,200
2023,6,1,6.4,31.6,26.8,80,3,200
2023,6,2,0,34,26.6,76,2,220
2023,6,3,13.8,32,25.8,87,1,220
2023,6,4,0.2,33.4,26.5,82,1,90
2023,6,5,0,33,26.8,82,1,110
2023,6,6,4.6,33.8,26.2,83,1,90
2023,6,7,0,33.4,27,82,1,20
2023,6,8,5.2,33.4,24.2,76,2,340
2023,6,9,0.2,33.5,25.5,79,2,250
2023,6,10,5.2,32.6,26.3,83,2,200
2023,6,11,14,31.5,26.5,82,2,180
2023,6,12,0,32.8,26.4,76,2,220
2023,6,13,0,34.5,26.7,74,2,220
2023,6,14,4,33.4,26.3,78,2,270
2023,6,15,0.6,33.4,26.5,80,1,90
2023,6,16,0,33.4,27.5,80,2,90
2023,6,17,0,33.5,26.7,77,2,90
2023,6,18,0,33.5,26.9,77,1,90
2023,6,19,0,33.4,27,77,1,90
2023,6,20,1.4,34,27.2,79,1,90
2023,6,21,0,34,26.5,79,1,90
2023,6,22,0,34,26.4,78,1,90
2023,6,23,0,33.2,26.8,76,2,90
2023,6,24,5.8,31.2,25.8,81,1,90
2023,6,25,0,32,25.8,83,1,90
2023,6,26,-1,33,26,78,1,90
2023,6,27,9,31.4,25.2,83,1,220
2023,6,28,0,32.2,27,79,2,200
2023,6,29,15.6,31.6,25.4,82,1,200
2023,6,30,-1,31.5,26.2,80,1,250
2023,7,1,0,33,26,80,1,90
2023,7,2,0,32.6,26.5,84,2,90
2023,7,3,0.4,34,27,85,1,90
2023,7,4,0,33,27.5,78,2,90
2023,7,5,0.2,32.8,27,78,2,90
2023,7,6,0,33.2,27.5,79,1,90
2023,7,7,0,34,26.5,78,1,90
2023,7,8,0,32.6,27,78,2,110
2023,7,9,1.6,30.4,26,84,1,20
2023,7,10,0,34,27,78,1,360
2023,7,11,20.4,35,26.2,77,2,340
2023,7,12,39.8,30,25.5,89,2,220
2023,7,13,1.4,31.8,26.5,81,3,200
2023,7,14,6.6,32,26,81,3,200
2023,7,15,2.6,32.5,26,78,3,200
2023,7,16,0,32.5,26.5,77,2,200
2023,7,17,-1,33.2,26.4,73,2,200
2023,7,18,49.8,32.3,25,80,1,250
2023,7,19,59.4,29,24.2,90,1,360
2023,7,20,0,32.4,26.3,83,1,70
2023,7,21,0,32.2,26,82,1,250
2023,7,22,18.4,30.8,25.4,85,2,270
2023,7,23,6.8,31.6,25.5,80,2,270
2023,7,24,6.2,29.8,25.3,84,4,250
2023,7,25,27.2,30.2,25,86,4,200
2023,7,26,2.2,31.6,26.7,79,3,200
2023,7,27,4.6,32.4,25.2,79,2,200
2023,7,28,0,31.6,26.5,79,2,200
2023,7,29,12.8,31.8,26.5,85,1,200
2023,7,30,0,33,26.7,75,2,250
2023,7,31,0,34.2,26.9,68,2,220
2023,8,1,0,33.4,27.5,73,2,200
2023,8,2,0,32.5,27.6,74,3,200
2023,8,3,2.2,32.4,26.2,79,2,200
2023,8,4,0,34.5,27.2,73,3,220
2023,8,5,0,33.5,27.2,72,3,220
2023,8,6,0,34,27.8,69,3,220
2023,8,7,0,34,28,67,3,220
2023,8,8,0,33.6,28,69,3,220
2023,8,9,0,34,27.8,75,3,220
2023,8,10,0,33.5,27,76,3,220
2023,8,11,2.8,33.4,24.3,76,2,250
2023,8,12,1.3,32.3,24.3,81,2,220
2023,8,13,-1,32.2,27,81,2,220
2023,8,14,4.6,31.6,26.3,84,2,220
2023,8,15,56.5,32,25.3,87,2,220
2023,8,16,0,33.8,27.3,78,2,220
2023,8,17,0,33.5,26.4,75,2,220
2023,8,18,0,33,26.3,76,1,220
2023,8,19,40.8,33.4,24.3,82,2,180
2023,8,20,2.4,32.4,25.9,84,2,220
2023,8,21,2.5,32.5,26.6,83,2,340
2023,8,22,2.8,31,25.6,85,2,270
2023,8,23,4.4,30.2,24.7,89,1,220
2023,8,24,0,33.2,26.7,76,2,250
2023,8,25,0,32.6,27.4,78,3,220
2023,8,26,0,33.4,26,74,3,220
2023,8,27,28.6,32.6,24.4,84,3,220
2023,8,28,-1,31.2,24.5,81,4,200
2023,8,29,0,30,27,81,3,220
2023,8,30,8.6,31.8,26.6,81,2,220
2023,8,31,0,33.4,27.4,75,2,200
2023,9,1,0,34,28,70,3,200
2023,9,2,0,33.4,27.6,77,2,200
2023,9,3,1.6,31.6,27.8,84,2,200
2023,9,4,0.4,32.6,27.2,80,2,200
2023,9,5,0,34,26.2,77,2,200
2023,9,6,7.4,33.2,26.2,84,1,90
2023,9,7,22.6,32.8,26.4,80,1,90
2023,9,8,0.6,34.5,26.6,78,1,360
2023,9,9,0,33.5,25.8,80,1,90
2023,9,10,2,33,26.4,82,2,360
2023,9,11,2.1,33,25.3,81,1,220
2023,9,12,56.8,29,24.3,92,1,250
2023,9,13,8.2,28.5,25.5,87,1,220
2023,9,14,0,31,26.1,85,1,200
2023,9,15,17,31,25.2,85,1,220
2023,9,16,0,33.9,26.8,81,1,20
2023,9,17,0,33,26.9,78,1,110
2023,9,18,0,32.8,27.1,78,1,90
2023,9,19,0,33.3,27.3,78,1,90
2023,9,20,23.4,33.6,26.4,79,1,90
2023,9,21,27.4,29.8,25.4,90,1,180
2023,9,22,6.8,29.6,25.5,89,1,250
2023,9,23,0.6,31.4,26,87,2,220
2023,9,24,0,32.4,26,81,1,200
2023,9,25,143.2,31.8,24.7,87,1,250
2023,9,26,0.6,32,26.3,82,2,320
2023,9,27,2,32.8,26.4,81,2,320
2023,9,28,3.4,31,26,87,1,220
2023,9,29,18.4,33,25.6,87,2,360
2023,9,30,10.4,30.6,26,90,2,220
2023,10,1,0,32,27.4,80,2,220
2023,10,2,0.6,32.6,26.6,76,2,250
2023,10,3,0,32.8,27.2,75,2,220
2023,10,4,0,33.5,26.8,73,3,220
2023,10,5,0,33.5,26.4,76,2,200
2023,10,6,0,33,26.2,76,1,270
2023,10,7,0,34,26.8,78,1,360
2023,10,8,0,34,26.6,80,1,90
2023,10,9,0.4,32.5,26.4,82,1,20
2023,10,10,7.8,30,24.8,86,1,340
2023,10,11,-1,32.5,26.4,85,1,360
2023,10,12,0,33,26.3,80,1,90
2023,10,13,0.2,33,26.3,82,1,90
2023,10,14,0,33,25.7,77,1,90
2023,10,15,0.8,30.1,25.7,85,1,90
2023,10,16,-1,32,25.4,84,1,20
2023,10,17,0,34,26.4,76,1,70
2023,10,18,0,32.8,27,76,1,90
2023,10,19,0,33,27.5,73,2,90
2023,10,20,0,32.8,26.4,78,1,90
2023,10,21,0,33.2,26,76,1,90
2023,10,22,0,33.4,26.4,82,1,20
2023,10,23,0,30.6,26.4,83,1,20
2023,10,24,0,32.8,27.3,79,1,110
2023,10,25,0,33.4,26.4,75,1,110
2023,10,26,0,33.8,25.8,77,1,90
2023,10,27,22.8,33.4,25.6,79,1,110
2023,10,28,3.4,33.2,25.8,81,1,110
2023,10,29,1.4,32.8,26.8,76,2,20
2023,10,30,5.2,31,25,84,1,360
2023,10,31,1.8,31.2,25.4,85,2,340
2023,11,1,0,31.5,26.5,84,1,90
2023,11,2,0,33.8,26.6,78,1,90
2023,11,3,0,34,26.5,77,1,110
2023,11,4,0,33.8,26.8,78,2,110
2023,11,5,0,33.8,26.8,74,1,90
2023,11,6,0,34,27.4,77,1,110
2023,11,7,10,31.8,26.8,86,1,40
2023,11,8,3.2,32.5,25.8,90,1,110
2023,11,9,0,34,26.4,78,1,90
2023,11,10,0,33.5,27.3,78,1,20
2023,11,11,0,33,26.5,77,1,110
2023,11,12,0,34.8,27,76,1,90
2023,11,13,16.6,31,25.2,84,1,40
2023,11,14,3.1,33,25.8,89,1,70
2023,11,15,9.2,32.4,25.7,87,1,20
2023,11,16,4.6,31.5,26,80,2,20
2023,11,17,6.7,31,26.4,84,2,20
2023,11,18,44.5,27,24.5,91,2,340
2023,11,19,109.6,27,23.9,93,2,360
2023,11,20,51.8,27.1,24.2,95,2,340
2023,11,21,21.6,26.4,24.1,94,1,340
2023,11,22,3.2,30,25.7,83,2,320
2023,11,23,0,31.4,26.4,94,2,340
2023,11,24,0,32,25.8,84,1,90
2023,11,25,13.4,28.4,25,90,1,360
2023,11,26,2,31.4,25.5,86,1,360
2023,11,27,3.4,28.6,25.5,89,1,320
2023,11,28,0.4,31.6,26.4,87,1,70
2023,11,29,8,31,25,85,1,20
2023,11,30,2.2,33.4,26,81,1,70
2023,12,1,0.4,32,25.8,85,1,70
2023,12,2,0,33.5,25.6,80,1,70
2023,12,3,9.6,31.8,25.5,82,1,40
2023,12,4,8.2,30,25.2,87,1,90
2023,12,5,0,32.5,25.6,84,1,90
2023,12,6,0,31,24.5,87,1,110
2023,12,7,0,32.6,24,78,1,90
2023,12,8,10,31,26,82,1,320
2023,12,9,2.6,31.8,25.5,85,1,90
2023,12,10,0,32.4,24.9,85,1,90
2023,12,11,15.4,31,25,86,2,340
2023,12,12,2.2,30.6,26,87,1,360
2023,12,13,4,33.2,24.8,84,1,40
2023,12,14,1.2,32.6,25.2,83,1,70
2023,12,15,0,32.8,26.5,83,1,90
2023,12,16,0,31,25.4,82,1,360
2023,12,17,4,32.4,25.8,78,2,20
2023,12,18,1.4,31.4,25.5,89,1,70
2023,12,19,0.2,30,25.3,86,1,90
2023,12,20,0,31.8,25,82,1,110
2023,12,21,0,31,25.2,84,1,110
2023,12,22,8,32,25,81,1,70
2023,12,23,7,33,25.3,80,1,70
2023,12,24,0,33,25.5,80,1,360
2023,12,25,0.2,33,25.5,79,1,40
2023,12,26,27.2,32.8,23.7,84,1,70
2023,12,27,3.4,32,25.1,86,1,70
2023,12,28,3.2,33.7,25.5,85,1,70
2023,12,29,0.8,31,26,89,1,20
2023,12,30,13.8,32.5,25.4,87,1,90
2023,12,31,0,31.5,26,85,1,360
